request_id,workload_id,input_len,requested_output_len,observed_output_tokens,prefill_endpoint_id,decode_endpoint_id,ttft_ms,tpot_ms,client_observed_ttft_ms,client_observed_tpot_ms,mean_itl_ms,e2e_latency_ms,prefill_latency_ms,decode_stream_latency_ms,real_sse,logical_request_id_propagated
phase3c-xpyd_feedback_2p2d_binary_energy_p95_r7b_257099-0000,small_light,128,64,64,P1,D1,210.00092197209597,55.93905319082772,6970.652812044136,55.945225952503584,55.939019094073466,10495.202047051862,132.6388579327613,3601.2166580185294,True,True
phase3c-xpyd_feedback_2p2d_binary_energy_p95_r7b_257099-0001,small_light,128,64,64,P1,D1,198.17461899947375,55.951762079660384,207.5342530151829,55.95586457038446,55.95139379332226,3732.753720949404,123.91896394547075,3598.981517017819,True,True
phase3c-xpyd_feedback_2p2d_binary_energy_p95_r7b_257099-0002,small_light,128,64,64,P1,D1,198.6818399745971,55.95022695331228,207.5411679688841,55.95342625331666,55.949039269416105,3732.6070219278336,121.63556704763323,3601.683170069009,True,True
phase3c-xpyd_feedback_2p2d_binary_energy_p95_r7b_257099-0003,small_light,128,64,64,P1,D1,199.1647029062733,55.962158254318176,209.43186106160283,55.96710880848742,55.962397602371986,3735.35971599631,121.39787501655519,3603.1028740108013,True,True
phase3c-xpyd_feedback_2p2d_binary_energy_p95_r7b_257099-0004,small_light,128,64,64,P1,D1,191.05644105002284,55.94691458631248,202.2521540056914,55.9493050474437,55.945894174603005,3727.0583719946444,117.16038396116346,3598.3425619779155,True,True
phase3c-xpyd_feedback_2p2d_binary_energy_p95_r7b_257099-0005,small_light,128,64,64,P1,D1,186.66121794376522,55.96286622208676,194.58613800816238,55.9705931578748,55.96666458609795,3720.733506954275,114.0231309691444,3598.105444922112,True,True
phase3c-xpyd_feedback_2p2d_binary_energy_p95_r7b_257099-0006,small_light,128,64,64,P1,D1,194.07641200814396,55.95024637988813,200.75378206092864,55.954827380085746,55.950868617935434,3725.907907006331,119.7277168976143,3599.0156299667433,True,True
phase3c-xpyd_feedback_2p2d_binary_energy_p95_r7b_257099-0007,small_light,128,64,64,P1,D1,198.72088101692498,55.94655231846171,206.2955319415778,55.94999938168459,55.9460429681672,3731.1454929877073,120.8035700256005,3602.2193690296263,True,True
phase3c-xpyd_feedback_2p2d_binary_energy_p95_r7b_257099-0008,small_light,128,64,64,P1,D1,201.17406209465116,55.94452411039836,208.78249406814575,55.94462018999611,55.941060316630654,3733.2935660379007,126.80651503615081,3598.6357720103115,True,True
phase3c-xpyd_feedback_2p2d_binary_energy_p95_r7b_257099-0009,small_light,128,64,64,P1,D1,182.43480403907597,55.94521884192964,189.73326100967824,55.9506115063818,55.94660217378525,3714.6217859117314,106.96182399988174,3599.680523038842,True,True
phase3c-xpyd_feedback_2p2d_binary_energy_p95_r7b_257099-0010,small_light,128,64,64,P1,D1,175.88692996650934,55.94533184055416,181.8776560248807,55.94621771495671,55.942683428939844,3706.4893720671535,101.40962700825185,3598.8083980046213,True,True
phase3c-xpyd_feedback_2p2d_binary_energy_p95_r7b_257099-0011,small_light,128,64,64,P1,D1,162.72450203541666,55.95399153840152,168.53097989223897,55.962344603834765,55.95839382629723,3694.158689933829,89.54286901280284,3598.080369993113,True,True
phase3c-xpyd_feedback_2p2d_binary_energy_p95_r7b_257099-0012,small_light,128,64,64,P1,D1,160.93775792978704,55.9541583024261,166.74501996021718,55.95787503157875,55.95387260444344,3692.0911469496787,87.43123395834118,3598.418102017604,True,True
phase3c-xpyd_feedback_2p2d_binary_energy_p95_r7b_257099-0013,small_light,128,64,64,P1,D1,173.6040150281042,55.94999950733923,179.7328928951174,55.95611155565296,55.9514940490887,3704.967920901254,100.12446902692318,3598.1183759868145,True,True
phase3c-xpyd_feedback_2p2d_binary_energy_p95_r7b_257099-0014,small_light,128,64,64,P1,D1,174.40443497616798,55.95287193529426,180.81575992982835,55.9575416199449,55.95369123861135,3706.1408819863573,100.85470997728407,3598.3700999058783,True,True
phase3c-xpyd_feedback_2p2d_binary_energy_p95_r7b_257099-0015,small_light,128,64,64,P1,D1,183.78932308405638,55.94700561755056,189.97080402914435,55.953288539534526,55.94867768157865,3715.0279820198193,109.13329303730279,3599.073877907358,True,True
phase3c-xpyd_feedback_2p2d_binary_energy_p95_r7b_257099-0016,small_light,128,64,64,P1,D1,182.895026053302,55.952040746527175,190.16524706967175,55.95500991931037,55.9510085232822,3715.3308719862252,106.7569829756394,3600.8977820165455,True,True
phase3c-xpyd_feedback_2p2d_binary_energy_p95_r7b_257099-0017,small_light,128,64,64,P1,D1,182.20792396459728,55.951552173595815,189.78093995247036,55.95731515888243,55.95332298368689,3715.0917949620634,107.36305895261467,3599.495539907366,True,True
phase3c-xpyd_feedback_2p2d_binary_energy_p95_r7b_257099-0018,small_light,128,64,64,P1,D1,181.78637500386685,55.95023869832475,191.61523901857436,55.95497868304688,55.95025860349692,3716.7788960505277,108.64367499016225,3596.993351005949,True,True
phase3c-xpyd_feedback_2p2d_binary_energy_p95_r7b_257099-0019,small_light,128,64,64,P1,D1,174.07621594611555,55.957286428320145,180.65593193750829,55.95929033329917,55.95549428650725,3706.091222935356,101.65297100320458,3597.5049769040197,True,True
phase3c-xpyd_feedback_2p2d_binary_energy_p95_r7b_257099-0020,small_light,128,64,64,P1,D1,179.275511065498,55.94516374606876,186.1194190569222,55.94822598458637,55.944271904919,3710.8576560858637,105.57054600212723,3598.0504960753024,True,True
phase3c-xpyd_feedback_2p2d_binary_energy_p95_r7b_257099-0021,small_light,128,64,64,P1,D1,184.40421298146248,55.94343899948789,191.48288504220545,55.94666842888626,55.94275331693805,3716.1229960620403,109.90900709293783,3598.662114003673,True,True
phase3c-xpyd_feedback_2p2d_binary_energy_p95_r7b_257099-0022,small_light,128,64,64,P1,D1,175.6955039454624,55.94945823892005,182.19012091867626,55.95270972994585,55.94880238086695,3707.2108339052647,101.97658592369407,3598.3159960014746,True,True
phase3c-xpyd_feedback_2p2d_binary_energy_p95_r7b_257099-0023,small_light,128,64,64,P1,D1,188.6651620734483,55.94402450757722,195.13093295972794,55.94849111216645,55.94452738111455,3719.8858730262145,114.06565899960697,3598.8482610555366,True,True
phase3c-xpyd_feedback_2p2d_binary_energy_p95_r7b_257099-0024,small_light,128,64,64,P1,D1,180.14015501830727,55.94679569855096,187.21287907101214,55.95094287243214,55.94696304650002,3712.1222800342366,104.92266598157585,3599.485705024563,True,True
phase3c-xpyd_feedback_2p2d_binary_energy_p95_r7b_257099-0025,small_light,128,64,64,P1,D1,187.55855900235474,55.9445580316057,193.64345003850758,55.94967274431376,55.94563826970342,3718.4728329302743,114.72731595858932,3597.1313659101725,True,True
phase3c-xpyd_feedback_2p2d_binary_energy_p95_r7b_257099-0026,small_light,128,64,64,P1,D1,184.14963001850992,55.94822177700403,189.62506705429405,55.95328866703702,55.94842409574619,3714.6822530776262,111.24880192801356,3597.4393689539284,True,True
phase3c-xpyd_feedback_2p2d_binary_energy_p95_r7b_257099-0027,small_light,128,64,64,P1,D1,190.60248089954257,55.954857699809565,196.79135701153427,55.974416349763196,55.95627909577969,3723.179587046616,117.99494596198201,3597.566631040536,True,True
phase3c-xpyd_feedback_2p2d_binary_energy_p95_r7b_257099-0028,small_light,128,64,64,P1,D1,192.22391408402473,55.94983412551561,200.21744002588093,55.953577079529325,55.94960392068421,3725.2927960362285,119.06949698459357,3597.766757942736,True,True
phase3c-xpyd_feedback_2p2d_binary_energy_p95_r7b_257099-0029,small_light,128,64,64,P1,D1,196.82108610868454,55.94861099962145,204.33199300896376,55.95215112857875,55.94777531870123,3729.3175141094252,123.37216408923268,3597.979389014654,True,True
phase3c-xpyd_feedback_2p2d_binary_energy_p95_r7b_257099-0030,small_light,128,64,64,P1,D1,188.14462097361684,55.94429223694735,193.88845202047378,55.94780422111471,55.94385550763931,3718.6001179507,114.1344360075891,3598.300012992695,True,True
phase3c-xpyd_feedback_2p2d_binary_energy_p95_r7b_257099-0031,small_light,128,64,64,P1,D1,183.52117808535695,55.95313641242683,189.8008300922811,55.9576974427771,55.95379882484733,3715.1357689872384,110.97281496040523,3597.3928780294955,True,True
phase3c-xpyd_feedback_2p2d_binary_energy_p95_r7b_257099-0032,small_light,128,64,64,P1,D1,182.29432892985642,55.95077533415326,189.11865900736302,55.95485090522006,55.95096885707111,3714.2742660362273,109.52075908426195,3597.464077989571,True,True
phase3c-xpyd_feedback_2p2d_binary_energy_p95_r7b_257099-0033,small_light,128,64,64,P1,D1,184.8004279891029,55.95548354118826,191.09320105053484,55.96047928482886,55.95611198250914,3716.6033959947526,111.58643697854131,3598.212286015041,True,True
phase3c-xpyd_feedback_2p2d_binary_energy_p95_r7b_257099-0034,small_light,128,64,64,P1,D1,176.6456119948998,55.94591584263576,182.37509904429317,55.95093758754609,55.94681285779982,3707.284167059697,103.46494906116277,3597.535849083215,True,True
phase3c-xpyd_feedback_2p2d_binary_energy_p95_r7b_257099-0035,small_light,128,64,64,P1,D1,178.32865309901536,55.94485806345585,185.6275419704616,55.950101967605335,55.94619512668855,3710.4839659295976,105.43921694625169,3597.2002430353314,True,True
phase3c-xpyd_feedback_2p2d_binary_energy_p95_r7b_257099-0036,small_light,128,64,64,P1,D1,179.91075105965137,55.94777122199062,186.3828629720956,55.95186835021845,55.94798372984524,3711.350569035858,105.29876302462071,3599.10705301445,True,True
phase3c-xpyd_feedback_2p2d_binary_energy_p95_r7b_257099-0037,small_light,128,64,64,P1,D1,174.65146607719362,55.9515137620832,181.6059349803254,55.958178967961835,55.95200065161205,3706.971209961921,99.09001202322543,3600.308831082657,True,True
phase3c-xpyd_feedback_2p2d_binary_energy_p95_r7b_257099-0038,small_light,128,64,64,P1,D1,176.75230209715664,55.952248873100395,183.35324502550066,55.956332539651726,55.9524054443168,3708.602195023559,103.85279299225658,3597.696257987991,True,True
phase3c-xpyd_feedback_2p2d_binary_energy_p95_r7b_257099-0039,small_light,128,64,64,P1,D1,178.6084519699216,55.947084985082114,186.01385108195245,55.951417222367745,55.94744785718383,3710.9531360911205,105.71591998450458,3597.3547369940206,True,True
phase3c-xpyd_feedback_2p2d_binary_energy_p95_r7b_257099-0040,small_light,128,64,64,P1,D1,175.7845199899748,55.95183388943533,182.46625596657395,55.956209268760944,55.951818491199184,3707.7074398985133,103.34049595985562,3597.2122360253707,True,True
phase3c-xpyd_feedback_2p2d_binary_energy_p95_r7b_257099-0041,small_light,128,64,64,P1,D1,175.94976001419127,55.94221182492754,181.85030505992472,55.94666249170485,55.94280650765295,3706.4900420373306,101.90771298948675,3598.2043739641085,True,True
phase3c-xpyd_feedback_2p2d_binary_energy_p95_r7b_257099-0042,small_light,128,64,64,P1,D1,174.69849693588912,55.945912747466494,181.19471799582243,55.948040729004234,55.94412971376663,3705.9212839230895,101.95844003465027,3597.1196750178933,True,True
phase3c-xpyd_feedback_2p2d_binary_energy_p95_r7b_257099-0043,small_light,128,64,64,P1,D1,173.18048293236643,55.947222000372314,180.03229098394513,55.95091658659161,55.94684649258852,3704.9400359392166,100.6848510587588,3596.972964005545,True,True
phase3c-xpyd_feedback_2p2d_binary_energy_p95_r7b_257099-0044,small_light,128,64,64,P1,D1,177.06532101146877,55.95789636514844,182.9838149715215,55.96495873021287,55.96070599904846,3708.7762149749324,104.91017391905189,3597.305691917427,True,True
phase3c-xpyd_feedback_2p2d_binary_energy_p95_r7b_257099-0045,small_light,128,64,64,P1,D1,178.15133708063513,55.956929317852925,184.65762794949114,55.96066209568923,55.95654234962745,3710.1793399779126,105.40119197685272,3597.8332119993865,True,True
phase3c-xpyd_feedback_2p2d_binary_energy_p95_r7b_257099-0046,small_light,128,64,64,P1,D1,173.86067006736994,55.944298316414155,179.54608902800828,55.946525238040415,55.942543285218854,3704.177179024555,100.66005599219352,3597.5029360270128,True,True
phase3c-xpyd_feedback_2p2d_binary_energy_p95_r7b_257099-0047,small_light,128,64,64,P1,D1,171.5903599979356,55.94900807934917,177.20600997563452,55.95422100039229,55.94960923883177,3702.3219330003485,99.05556705780327,3597.1072890097275,True,True
phase3c-xpyd_feedback_2p2d_binary_energy_p95_r7b_257099-0048,prefill_medium,1024,64,64,P1,D1,295.39847595151514,56.95937687368502,303.9859579876065,56.96127331808268,56.957384588063825,3892.5461770268157,214.87514092586935,3668.7642380129546,True,True
phase3c-xpyd_feedback_2p2d_binary_energy_p95_r7b_257099-0049,prefill_medium,1024,64,64,P1,D1,294.9331470299512,56.95981738187136,302.31851898133755,56.96460412674776,56.960487523899666,3891.088578966446,214.46601999923587,3668.7162399757653,True,True
phase3c-xpyd_feedback_2p2d_binary_energy_p95_r7b_257099-0050,prefill_medium,1024,64,64,P1,D1,292.30051790364087,56.95418735027372,299.1832990664989,56.96417236449345,56.95383993553973,3887.926158029586,211.2740579759702,3668.915700051002,True,True
phase3c-xpyd_feedback_2p2d_binary_energy_p95_r7b_257099-0051,prefill_medium,1024,64,64,P1,D1,284.9373919889331,56.958859634866556,291.9021499110386,56.96494101605836,56.95964336498744,3880.6934339227155,203.88392300810665,3669.2456419114023,True,True
phase3c-xpyd_feedback_2p2d_binary_energy_p95_r7b_257099-0052,prefill_medium,1024,64,64,P1,D1,287.21618896815926,56.96170369813603,293.4844250557944,56.96571979390841,56.96138623724913,3882.3247720720246,207.96252798754722,3667.637976934202,True,True
phase3c-xpyd_feedback_2p2d_binary_energy_p95_r7b_257099-0053,prefill_medium,1024,64,64,P1,D1,299.7478930046782,56.96047203142255,306.62185698747635,56.964465302400406,56.95994084124409,3895.383171038702,220.459216972813,3667.59646194987,True,True
phase3c-xpyd_feedback_2p2d_binary_energy_p95_r7b_257099-0054,prefill_medium,1024,64,64,P1,D1,301.31947703193873,56.96569747542814,308.99630300700665,56.97124225405297,56.96725938099599,3898.1845650123432,221.14511393010616,3668.810391915031,True,True
phase3c-xpyd_feedback_2p2d_binary_energy_p95_r7b_257099-0055,prefill_medium,1024,64,64,P1,D1,302.2322249598801,56.959496112540364,308.1356320763007,56.96435017503857,56.96043849087483,3896.8896931037307,222.13158593513072,3668.346078018658,True,True
phase3c-xpyd_feedback_2p2d_binary_energy_p95_r7b_257099-0056,prefill_medium,1024,64,64,P1,D1,304.6646120492369,56.952588380284844,311.2343659158796,56.9551607634547,56.95124817568632,3899.4094940135255,224.2864560103044,3668.1625599740073,True,True
phase3c-xpyd_feedback_2p2d_binary_energy_p95_r7b_257099-0057,prefill_medium,1024,64,64,P1,D1,299.09730493091047,56.96174545982291,305.2405440248549,56.963916158392315,56.95991941158556,3893.967262003571,219.2624780582264,3668.208857998252,True,True
phase3c-xpyd_feedback_2p2d_binary_energy_p95_r7b_257099-0058,prefill_medium,1024,64,64,P1,D1,301.94572906475514,56.95842120552524,308.4234419511631,56.96433887351304,56.95991139740698,3897.176790982485,222.0835549524054,3668.029846972786,True,True
phase3c-xpyd_feedback_2p2d_binary_energy_p95_r7b_257099-0059,prefill_medium,1024,64,64,P1,D1,299.5094310026616,56.968937777648016,305.8804969768971,56.973469366009034,56.96941025385131,3895.2090670354664,219.7638739598915,3668.5814979719,True,True
phase3c-xpyd_feedback_2p2d_binary_energy_p95_r7b_257099-0060,prefill_medium,1024,64,64,P1,D1,300.6566989934072,56.95773949218352,306.1437669675797,56.96255492142564,56.95855287310209,3894.784727017395,220.13524908106774,3668.6493600718677,True,True
phase3c-xpyd_feedback_2p2d_binary_energy_p95_r7b_257099-0061,prefill_medium,1024,64,64,P1,D1,303.10663592536,56.958384222410146,308.39481204748154,56.962952047349916,56.95899977858755,3897.060791030526,223.30792411230505,3667.9773980285972,True,True
phase3c-xpyd_feedback_2p2d_binary_energy_p95_r7b_257099-0062,prefill_medium,1024,64,64,P1,D1,299.0748529555276,56.95743979479644,305.6294990237802,56.96195973053811,56.95735312636114,3894.232962047681,218.25816307682544,3668.9261130522937,True,True
phase3c-xpyd_feedback_2p2d_binary_energy_p95_r7b_257099-0063,prefill_medium,1024,64,64,P1,D1,294.1902989987284,56.955259825502125,300.2730649895966,56.95102463609406,56.9493696204431,3888.1876170635223,212.57459197659045,3669.5595289347693,True,True
phase3c-xpyd_feedback_2p2d_binary_energy_p95_r7b_257099-0064,prefill_medium,1024,64,64,P1,D1,291.40591400209814,56.954286190577676,295.94956804066896,56.9559784110872,56.95441998319612,3884.176207939163,210.97718295641243,3668.3352360269055,True,True
phase3c-xpyd_feedback_2p2d_binary_energy_p95_r7b_257099-0065,prefill_medium,1024,64,64,P1,D1,292.7904239622876,56.961007523424335,298.56917704455554,56.96312520497789,56.96164534818973,3887.2460649581626,211.85889397747815,3669.2681569838896,True,True
phase3c-xpyd_feedback_2p2d_binary_energy_p95_r7b_257099-0066,prefill_medium,1024,64,64,P1,D1,289.6883200155571,56.9605946038214,295.17462698277086,56.968479428351635,56.9644860631328,3884.188830968924,209.647253039293,3668.3429370168597,True,True
phase3c-xpyd_feedback_2p2d_binary_energy_p95_r7b_257099-0067,prefill_medium,1024,64,64,P1,D1,292.97211195807904,56.95780165057393,298.13601507339627,56.95513812714212,56.95370990332098,3886.30971708335,212.20568206626922,3668.881907942705,True,True
phase3c-xpyd_feedback_2p2d_binary_energy_p95_r7b_257099-0068,prefill_medium,1024,64,64,P1,D1,292.950859060511,56.95495981028274,300.5610889522359,56.950481506877594,56.94891028623614,3888.4414238855243,211.70424204319715,3669.1845130408183,True,True
phase3c-xpyd_feedback_2p2d_binary_energy_p95_r7b_257099-0069,prefill_medium,1024,64,64,P1,D1,290.1378570822999,56.95295823730587,297.10005305241793,56.94911712669723,56.94760765052504,3884.8944320343435,210.6288120849058,3667.301328969188,True,True
phase3c-xpyd_feedback_2p2d_binary_energy_p95_r7b_257099-0070,prefill_medium,1024,64,64,P1,D1,294.958011014387,56.95296136573667,301.0952810291201,56.94874949080663,56.947086935877685,3888.8664989499375,214.74461490288377,3668.028895976022,True,True
phase3c-xpyd_feedback_2p2d_binary_energy_p95_r7b_257099-0071,prefill_medium,1024,64,64,P1,D1,288.56572206132114,56.96778841287134,293.4717000462115,56.977516967832806,56.972901538265724,3883.0552690196782,209.66369600500911,3667.66857705079,True,True
phase3c-xpyd_feedback_2p2d_binary_energy_p95_r7b_257099-0072,prefill_medium,1024,64,64,P1,D1,291.5740399621427,56.960336492574285,296.2754679610953,56.96931185703429,56.965487983284724,3885.3421149542555,211.9783089729026,3667.8996440023184,True,True
phase3c-xpyd_feedback_2p2d_binary_energy_p95_r7b_257099-0073,prefill_medium,1024,64,64,P1,D1,289.36353500466794,56.955372903584724,295.2096090884879,56.96484225336462,56.960912349279084,3883.994671050459,209.515608032234,3667.831774917431,True,True
phase3c-xpyd_feedback_2p2d_binary_energy_p95_r7b_257099-0074,prefill_medium,1024,64,64,P1,D1,292.20800404436886,56.95172282497561,299.3169849505648,56.94722512640828,56.94561142895726,3886.9921679142863,211.38272306416184,3668.5559609904885,True,True
phase3c-xpyd_feedback_2p2d_binary_energy_p95_r7b_257099-0075,prefill_medium,1024,64,64,P1,D1,290.2081540087238,56.961903317151446,294.5751710794866,56.96319603169012,56.96166169807492,3883.256521075964,209.70265194773674,3668.898137053475,True,True
phase3c-xpyd_feedback_2p2d_binary_energy_p95_r7b_257099-0076,prefill_medium,1024,64,64,P1,D1,290.835564956069,56.956266620314665,296.5117449639365,56.9576479195218,56.95615669838079,3884.84356389381,210.9284729231149,3667.944281012751,True,True
phase3c-xpyd_feedback_2p2d_binary_energy_p95_r7b_257099-0077,prefill_medium,1024,64,64,P1,D1,291.1461159819737,56.96245473033438,295.66878301557153,56.973273937945216,56.968013905654,3884.9850411061198,211.2058229977265,3668.3669650228694,True,True
phase3c-xpyd_feedback_2p2d_binary_energy_p95_r7b_257099-0078,prefill_medium,1024,64,64,P1,D1,301.132965949364,56.95498933357793,309.0373770100996,56.96170793713203,56.95710071576907,3897.624977049418,219.04714999254793,3669.95486500673,True,True
phase3c-xpyd_feedback_2p2d_binary_energy_p95_r7b_257099-0079,prefill_medium,1024,64,64,P1,D1,293.22373296599835,56.94809598508217,301.92178301513195,56.950421096564874,56.94530155539276,3889.798312098719,210.56383103132248,3670.1010019751266,True,True
phase3c-xpyd_feedback_2p2d_binary_energy_p95_r7b_257099-0080,prefill_medium,1024,64,64,P1,D1,291.9954670360312,56.95851096728196,298.894755076617,56.962752110502194,56.958210824560076,3887.5481380382553,211.39054896775633,3668.7487919116393,True,True
phase3c-xpyd_feedback_2p2d_binary_energy_p95_r7b_257099-0081,prefill_medium,1024,64,64,P1,D1,289.11746700759977,56.961588476533215,295.38897692691535,56.96812798527794,56.96290401586642,3884.3810399994254,208.99377402383834,3668.4797880006954,True,True
phase3c-xpyd_feedback_2p2d_binary_energy_p95_r7b_257099-0082,prefill_medium,1024,64,64,P1,D1,291.94446303881705,56.95972995211681,298.9152129739523,56.96665588951122,56.96198473026651,3887.8145340131596,210.07236803416163,3670.0968160293996,True,True
phase3c-xpyd_feedback_2p2d_binary_energy_p95_r7b_257099-0083,prefill_medium,1024,64,64,P1,D1,294.5129240397364,56.95786660293206,302.00856598094106,56.964172824611154,56.958359967370235,3890.7514539314434,211.76603808999062,3670.592135982588,True,True
phase3c-xpyd_feedback_2p2d_binary_energy_p95_r7b_257099-0084,prefill_medium,1024,64,64,P1,D1,291.056975023821,56.96479026930377,300.2132000401616,56.968715842000194,56.9638845562521,3889.242298086174,209.21310991980135,3670.3461279394105,True,True
phase3c-xpyd_feedback_2p2d_binary_energy_p95_r7b_257099-0085,prefill_medium,1024,64,64,P1,D1,296.1483979597688,56.955130523188956,303.462052019313,56.95444239776523,56.95035709585581,3891.591923078522,213.27508694957942,3670.7605879055336,True,True
phase3c-xpyd_feedback_2p2d_binary_energy_p95_r7b_257099-0086,prefill_medium,1024,64,64,P1,D1,300.3358490532264,56.96969573009049,307.8643969492987,56.974774049151506,56.97065431787263,3897.275162045844,218.07442896533757,3671.08616407495,True,True
phase3c-xpyd_feedback_2p2d_binary_energy_p95_r7b_257099-0087,prefill_medium,1024,64,64,P1,D1,291.05068696662784,56.959309062683985,298.3801020309329,56.96444511080959,56.959791888763746,3887.140144011937,208.6244309321046,3670.6223429646343,True,True
phase3c-xpyd_feedback_2p2d_binary_energy_p95_r7b_257099-0088,prefill_medium,1024,64,64,P1,D1,292.52821602858603,56.96165690472024,299.9482190934941,56.96587139622323,56.96162142761288,3888.7981170555577,210.07140493020415,3670.7849940285087,True,True
phase3c-xpyd_feedback_2p2d_binary_energy_p95_r7b_257099-0089,prefill_medium,1024,64,64,P1,D1,292.84679307602346,56.959119364841,298.8194990903139,56.96213117334992,56.95765487302745,3887.4337630113587,210.0772849516943,3670.914591057226,True,True
phase3c-xpyd_feedback_2p2d_binary_energy_p95_r7b_257099-0090,prefill_medium,1024,64,64,P1,D1,292.67963499296457,56.9689816828551,299.71231997478753,56.974914937560996,56.97106287282492,3889.13196104113,209.76194296963513,3671.7303909827024,True,True
phase3c-xpyd_feedback_2p2d_binary_energy_p95_r7b_257099-0091,prefill_medium,1024,64,64,P1,D1,294.0775479655713,56.95727096855759,300.4870320437476,56.95335671401745,56.95203474597148,3888.548505026847,209.40042298752815,3672.6881749927998,True,True
phase3c-xpyd_feedback_2p2d_binary_energy_p95_r7b_257099-0092,prefill_medium,1024,64,64,P1,D1,293.8439379213378,56.9510491442911,301.78668291773647,56.954166317905575,56.949548968409616,3889.899160945788,210.1686819223687,3671.2853140197694,True,True
phase3c-xpyd_feedback_2p2d_binary_energy_p95_r7b_257099-0093,prefill_medium,1024,64,64,P1,D1,287.9776519257575,56.964867809299555,294.8720589047298,56.965220017388226,56.96349446144369,3883.680920000188,206.3929740106687,3670.133776962757,True,True
phase3c-xpyd_feedback_2p2d_binary_energy_p95_r7b_257099-0094,prefill_medium,1024,64,64,P1,D1,288.39342296123505,56.9578788727374,295.08946102578193,56.961074427125006,56.9569699351661,3883.637149934657,206.68743399437517,3669.8011950356886,True,True
phase3c-xpyd_feedback_2p2d_binary_energy_p95_r7b_257099-0095,prefill_medium,1024,64,64,P1,D1,290.8815339906141,56.95348620666043,297.98928601667285,56.95897099998085,56.954898189620245,3886.4044590154663,209.4515369972214,3669.2668659379706,True,True
phase3c-xpyd_feedback_2p2d_binary_energy_p95_r7b_257099-0096,prefill_heavy,2048,64,64,P1,D1,472.7357169613242,58.07897784111519,483.430105028674,58.08315211204842,58.0785503806842,4142.668688087724,382.1104819653556,3749.2857489269227,True,True
phase3c-xpyd_feedback_2p2d_binary_energy_p95_r7b_257099-0097,prefill_heavy,2048,64,64,P1,D1,463.12012907583266,58.076581237689844,470.42472497560084,58.09579363521484,58.07785906400236,4130.459723994136,374.2898690979928,3747.4327579839155,True,True
phase3c-xpyd_feedback_2p2d_binary_energy_p95_r7b_257099-0098,prefill_heavy,2048,64,64,P1,D1,462.0480400044471,58.07283068341868,470.35958094056696,58.078705429262115,58.074135176231344,4129.31802298408,373.82420198991895,3746.5796450851485,True,True
phase3c-xpyd_feedback_2p2d_binary_energy_p95_r7b_257099-0099,prefill_heavy,2048,64,64,P1,D1,462.83084503374994,58.0761161898928,471.1157769197598,58.081518938129264,58.07698074735642,4130.2514700219035,374.8426220845431,3746.4490779675543,True,True
phase3c-xpyd_feedback_2p2d_binary_energy_p95_r7b_257099-0100,prefill_heavy,2048,64,64,P1,D1,458.2659899024293,58.078818588650655,465.4497200390324,58.08399266578139,58.079398523587436,4124.74125798326,370.5398039892316,3746.4600290404633,True,True
phase3c-xpyd_feedback_2p2d_binary_energy_p95_r7b_257099-0101,prefill_heavy,2048,64,64,P1,D1,456.3179479446262,58.084354809825385,464.36830807942897,58.090062904363826,58.08554807980914,4124.04227105435,369.16533194016665,3746.221321984194,True,True
phase3c-xpyd_feedback_2p2d_binary_energy_p95_r7b_257099-0102,prefill_heavy,2048,64,64,P1,D1,459.975881036371,58.08109425318738,467.4207519274205,58.08697369814451,58.082404112192016,4126.900094910525,370.87363307364285,3747.9504169896245,True,True
phase3c-xpyd_feedback_2p2d_binary_energy_p95_r7b_257099-0103,prefill_heavy,2048,64,64,P1,D1,461.99398895259947,58.07639985707485,469.979956978932,58.07590357116645,58.07374906356609,4128.761881962419,371.3219980709255,3749.154123943299,True,True
phase3c-xpyd_feedback_2p2d_binary_energy_p95_r7b_257099-0104,prefill_heavy,2048,64,64,P1,D1,453.6496140062809,58.088276904845046,461.3956520333886,58.08814055663312,58.086447491650546,4120.948507101275,365.45629403553903,3747.516297036782,True,True
phase3c-xpyd_feedback_2p2d_binary_energy_p95_r7b_257099-0105,prefill_heavy,2048,64,64,P1,D1,457.5234530493617,58.0844803646739,464.7574470145628,58.08334361894855,58.08185645940876,4124.008095008321,368.4856559848413,3748.124122968875,True,True
phase3c-xpyd_feedback_2p2d_binary_energy_p95_r7b_257099-0106,prefill_heavy,2048,64,64,P1,D1,456.96198602672666,58.085877348535824,462.54376403521746,58.086674824903994,58.08438752253082,4122.0042780041695,368.1699810549617,3747.975319973193,True,True
phase3c-xpyd_feedback_2p2d_binary_energy_p95_r7b_257099-0107,prefill_heavy,2048,64,64,P1,D1,463.189720059745,58.07905565089886,470.8170850062743,58.077930666816734,58.07630487325941,4129.726717015728,374.2917749332264,3747.608677018434,True,True
phase3c-xpyd_feedback_2p2d_binary_energy_p95_r7b_257099-0108,prefill_heavy,2048,64,64,P1,D1,456.9801330799237,58.07984461786137,464.8588750278577,58.082641143026564,58.07846426845543,4124.065267038532,365.19629298709333,3750.576479942538,True,True
phase3c-xpyd_feedback_2p2d_binary_energy_p95_r7b_257099-0109,prefill_heavy,2048,64,64,P1,D1,472.2939688945189,58.0747780641393,479.2049790266901,58.077231905097875,58.072678317936756,4138.070589047857,381.03385805152357,3749.6605599299073,True,True
phase3c-xpyd_feedback_2p2d_binary_energy_p95_r7b_257099-0110,prefill_heavy,2048,64,64,P1,D1,467.6419460447505,58.06997747692679,473.9656690508127,58.07518007765923,58.069807285117726,4132.702013943344,377.68566189333797,3748.1066080508754,True,True
phase3c-xpyd_feedback_2p2d_binary_energy_p95_r7b_257099-0111,prefill_heavy,2048,64,64,P1,D1,464.228585944511,58.08401698364862,471.5526120271534,58.08879958561784,58.08432466564848,4131.146985921077,376.46996101830155,3746.8366120010614,True,True
phase3c-xpyd_feedback_2p2d_binary_energy_p95_r7b_257099-0112,prefill_heavy,2048,64,64,P1,D1,457.37247494980693,58.092192968442326,465.89967992622405,58.100210999818664,58.09509365205904,4126.2129729148,369.77090802975,3747.16220702976,True,True
phase3c-xpyd_feedback_2p2d_binary_energy_p95_r7b_257099-0113,prefill_heavy,2048,64,64,P1,D1,463.3937650360167,58.08815888927451,470.69268103223294,58.09547403080773,58.09088055569205,4130.70754497312,374.0541769657284,3748.673725989647,True,True
phase3c-xpyd_feedback_2p2d_binary_energy_p95_r7b_257099-0114,prefill_heavy,2048,64,64,P1,D1,466.24328405596316,58.08122215851668,473.43610296957195,58.08819074641972,58.084003507189216,4132.9921199940145,374.14254411123693,3750.9750360623,True,True
phase3c-xpyd_feedback_2p2d_binary_energy_p95_r7b_257099-0115,prefill_heavy,2048,64,64,P1,D1,468.00349093973637,58.08364917590682,475.1976940315217,58.088208570899,58.08406857226694,4134.754833998159,375.676914001815,3751.367682009004,True,True
phase3c-xpyd_feedback_2p2d_binary_energy_p95_r7b_257099-0116,prefill_heavy,2048,64,64,P1,D1,460.99426003638655,58.07933268240757,467.7821029908955,58.08260923783694,58.07787117304369,4126.986484974623,372.08991299849004,3747.668534051627,True,True
phase3c-xpyd_feedback_2p2d_binary_energy_p95_r7b_257099-0117,prefill_heavy,2048,64,64,P1,D1,458.799934014678,58.07736253971973,465.0603630580008,58.07996190537418,58.075689381757186,4124.097963096574,369.3566470174119,3748.066700063646,True,True
phase3c-xpyd_feedback_2p2d_binary_energy_p95_r7b_257099-0118,prefill_heavy,2048,64,64,P1,D1,460.67399997264147,58.07897054021143,466.8793670134619,58.08199392188163,58.077285524516824,4126.044984092005,372.51301389187574,3746.9851680798456,True,True
phase3c-xpyd_feedback_2p2d_binary_energy_p95_r7b_257099-0119,prefill_heavy,2048,64,64,P1,D1,460.96365700941533,58.0818786818002,467.63498499058187,58.08680285588794,58.08259493538311,4127.103564911522,372.47683096211404,3747.42437095847,True,True
phase3c-xpyd_feedback_2p2d_binary_energy_p95_r7b_257099-0120,prefill_heavy,2048,64,64,P1,D1,458.6077629355714,58.083525112283134,465.2800139738247,58.08860449201708,58.084137540029744,4124.862096970901,370.4944960772991,3747.155041084625,True,True
phase3c-xpyd_feedback_2p2d_binary_energy_p95_r7b_257099-0121,prefill_heavy,2048,64,64,P1,D1,464.4854059442878,58.07165057206201,472.1236970508471,58.07656830080622,58.071666587484145,4130.947500001639,375.28281391132623,3747.484885971062,True,True
phase3c-xpyd_feedback_2p2d_binary_energy_p95_r7b_257099-0122,prefill_heavy,2048,64,64,P1,D1,461.5978680085391,58.08604238111349,468.2538940105587,58.09040455561546,58.085933506917506,4127.949381014332,373.23356105480343,3747.5628920365125,True,True
phase3c-xpyd_feedback_2p2d_binary_energy_p95_r7b_257099-0123,prefill_heavy,2048,64,64,P1,D1,455.2820869721472,58.08179312762583,462.96391799114645,58.0856567156309,58.0812770326341,4122.360291075893,366.5593230398372,3747.638872009702,True,True
phase3c-xpyd_feedback_2p2d_binary_energy_p95_r7b_257099-0124,prefill_heavy,2048,64,64,P1,D1,459.15222098119557,58.08822684071308,465.90649301651865,58.09334026915686,58.08835520616008,4125.786929973401,371.2015070486814,3747.307405923493,True,True
phase3c-xpyd_feedback_2p2d_binary_energy_p95_r7b_257099-0125,prefill_heavy,2048,64,64,P1,D1,462.62302494142205,58.07978068367534,469.91948795039207,58.08571087277775,58.0803952383114,4129.3192729353905,373.5615920741111,3747.8730900911614,True,True
phase3c-xpyd_feedback_2p2d_binary_energy_p95_r7b_257099-0126,prefill_heavy,2048,64,64,P1,D1,458.37218302767724,58.08532606285539,464.94580898433924,58.09266942863663,58.088104636038814,4124.783982988447,371.19115504901856,3746.3504259940237,True,True
phase3c-xpyd_feedback_2p2d_binary_energy_p95_r7b_257099-0127,prefill_heavy,2048,64,64,P1,D1,463.6206260183826,58.09371974614878,470.58601793833077,58.100612126364716,58.09632466647715,4130.924581899308,376.4660629676655,3746.8442390672863,True,True
phase3c-xpyd_feedback_2p2d_binary_energy_p95_r7b_257099-0128,prefill_heavy,2048,64,64,P1,D1,460.71179304271936,58.0762011897085,467.767067020759,58.08290138116313,58.078698350101824,4126.989854034036,372.98568501137197,3746.3126740185544,True,True
phase3c-xpyd_feedback_2p2d_binary_energy_p95_r7b_257099-0129,prefill_heavy,2048,64,64,P1,D1,462.4119159998372,58.079190936589995,469.6677930187434,58.08418207905359,58.07874290390857,4128.971263999119,373.584995046258,3747.5973250111565,True,True
phase3c-xpyd_feedback_2p2d_binary_energy_p95_r7b_257099-0130,prefill_heavy,2048,64,64,P1,D1,465.53609299007803,58.08413604695705,472.7129340171814,58.08772274573881,58.08364545985583,4132.239466998726,374.8040529899299,3749.6159760048613,True,True
phase3c-xpyd_feedback_2p2d_binary_energy_p95_r7b_257099-0131,prefill_heavy,2048,64,64,P1,D1,461.51480509433895,58.07843937959877,468.5460719047114,58.082682779058814,58.078187556626894,4127.755086985417,373.3126219594851,3746.934924973175,True,True
phase3c-xpyd_feedback_2p2d_binary_energy_p95_r7b_257099-0132,prefill_heavy,2048,64,64,P1,D1,457.45856198482215,58.08394661890195,464.3750130198896,58.09054172982181,58.08537699917834,4124.0791419986635,369.17722201906145,3747.312341001816,True,True
phase3c-xpyd_feedback_2p2d_binary_energy_p95_r7b_257099-0133,prefill_heavy,2048,64,64,P1,D1,461.2513040192425,58.07595779298849,468.55117194354534,58.08284687292245,58.07862031672682,4127.7705249376595,372.3382679745555,3747.4677390418947,True,True
phase3c-xpyd_feedback_2p2d_binary_energy_p95_r7b_257099-0134,prefill_heavy,2048,64,64,P1,D1,475.66217998974025,58.0743850959051,482.601351919584,58.0708084439504,58.06683184253791,4141.062283888459,382.7495320001617,3751.3549310388044,True,True
phase3c-xpyd_feedback_2p2d_binary_energy_p95_r7b_257099-0135,prefill_heavy,2048,64,64,P1,D1,469.8479810031131,58.078455984488954,477.04495897050947,58.08075428718612,58.076181811177065,4136.132479063235,380.62960596289486,3747.9254599893466,True,True
phase3c-xpyd_feedback_2p2d_binary_energy_p95_r7b_257099-0136,prefill_heavy,2048,64,64,P1,D1,467.69323910120875,58.07273063461282,475.2165370155126,58.07815838072981,58.0739742699301,4134.140515001491,378.9519569836557,3747.095548082143,True,True
phase3c-xpyd_feedback_2p2d_binary_energy_p95_r7b_257099-0137,prefill_heavy,2048,64,64,P1,D1,462.3408489860594,58.08506034950297,469.19271699152887,58.08854447529903,58.08436126995181,4128.7710189353675,374.65004494879395,3746.829977957532,True,True
phase3c-xpyd_feedback_2p2d_binary_energy_p95_r7b_257099-0138,prefill_heavy,2048,64,64,P1,D1,464.88532703369856,58.07245147621466,472.49582200311124,58.07682569877851,58.072438666833534,4131.335841026157,377.5340879801661,3745.7085959613323,True,True
phase3c-xpyd_feedback_2p2d_binary_energy_p95_r7b_257099-0139,prefill_heavy,2048,64,64,P1,D1,462.5216950662434,58.083924158136284,468.9076259965077,58.08926682682738,58.08457817571858,4128.531436086632,373.1660300400108,3748.4318979550153,True,True
phase3c-xpyd_feedback_2p2d_binary_energy_p95_r7b_257099-0140,prefill_heavy,2048,64,64,P1,D1,465.5069209402427,58.09334542838827,473.99486403446645,58.094393364005974,58.091924984067205,4133.941645966843,375.3777139354497,3749.6444339631125,True,True
phase3c-xpyd_feedback_2p2d_binary_energy_p95_r7b_257099-0141,prefill_heavy,2048,64,64,P1,D1,466.8915739748627,58.06854842895908,473.5901979729533,58.07097431730538,58.06922604743805,4132.061579963192,373.8174979807809,3751.1692829430103,True,True
phase3c-xpyd_feedback_2p2d_binary_energy_p95_r7b_257099-0142,prefill_heavy,2048,64,64,P1,D1,457.92462897952646,58.0892138892696,463.6455780128017,58.095198952489426,58.09327377752948,4123.643112019636,369.84179506544024,3747.546773054637,True,True
phase3c-xpyd_feedback_2p2d_binary_energy_p95_r7b_257099-0143,prefill_heavy,2048,64,64,P1,D1,456.90709410700947,58.088043586365764,463.7699869927019,58.097927570564764,58.09365977747514,4123.939423938282,370.8596860524267,3745.385586982593,True,True
phase3c-xpyd_feedback_2p2d_binary_energy_p95_r7b_257099-0144,decode_medium,128,128,128,P1,D1,174.44024397991598,55.95246634691748,182.18788597732782,55.95461377969349,55.952406684523375,7288.423835998401,99.56630202941597,7180.619759019464,True,True
phase3c-xpyd_feedback_2p2d_binary_energy_p95_r7b_257099-0145,decode_medium,128,128,128,P1,D1,176.19710706640035,55.95920344092333,183.52325994055718,55.96278657528066,55.96027554353831,7290.797155001201,103.3280260162428,7179.431424010545,True,True
phase3c-xpyd_feedback_2p2d_binary_energy_p95_r7b_257099-0146,decode_medium,128,128,128,P1,D1,178.10315499082208,55.952010362768384,186.3547390094027,55.95459804712524,55.95211085760746,7292.588690994307,102.19392098952085,7181.600406067446,True,True
phase3c-xpyd_feedback_2p2d_binary_energy_p95_r7b_257099-0147,decode_medium,128,128,128,P1,D1,176.81976407766342,55.954414684743455,185.55989302694798,55.9566780149306,55.954420196596445,7292.058000923134,102.3681319784373,7180.45542598702,True,True
phase3c-xpyd_feedback_2p2d_binary_energy_p95_r7b_257099-0148,decode_medium,128,128,128,P1,D1,175.1809420529753,55.95113344098199,183.36569098755717,55.95355884238022,55.95126939391145,7289.467663969845,100.90121300891042,7179.846434039064,True,True
phase3c-xpyd_feedback_2p2d_binary_energy_p95_r7b_257099-0149,decode_medium,128,128,128,P1,D1,174.03914302121848,55.95261486628511,180.79184391535819,55.95704685075311,55.95477247302692,7287.336793961003,99.18045508675277,7180.613543954678,True,True
phase3c-xpyd_feedback_2p2d_binary_energy_p95_r7b_257099-0150,decode_medium,128,128,128,P1,D1,176.7070690402761,55.95137272396777,184.50514099095017,55.953276960553204,55.951095252173154,7290.571314981207,101.77553398534656,7180.533800972626,True,True
phase3c-xpyd_feedback_2p2d_binary_energy_p95_r7b_257099-0151,decode_medium,128,128,128,P1,D1,176.91244196612388,55.95260844877591,184.3122229911387,55.954945173781866,55.95273748095199,7290.590260061435,102.04701591283083,7180.641532992013,True,True
phase3c-xpyd_feedback_2p2d_binary_energy_p95_r7b_257099-0152,decode_medium,128,128,128,P1,D1,189.76500805001706,55.95307604695751,196.65764295496047,55.9556234726961,55.95318085833005,7303.021823987365,114.979611011222,7180.615879013203,True,True
phase3c-xpyd_feedback_2p2d_binary_energy_p95_r7b_257099-0153,decode_medium,128,128,128,P1,D1,164.39193894620985,55.95254361460822,172.6332870312035,55.95480810986523,55.9525898498241,7278.893916984089,90.28100094292313,7179.86789601855,True,True
phase3c-xpyd_feedback_2p2d_binary_energy_p95_r7b_257099-0154,decode_medium,128,128,128,P1,D1,193.47758998628706,55.94860162956303,200.23269997909665,55.95089103953224,55.94853296102296,7305.9958619996905,118.26866201590747,7180.443973978981,True,True
phase3c-xpyd_feedback_2p2d_binary_energy_p95_r7b_257099-0155,decode_medium,128,128,128,P1,D1,194.28042194340378,55.95184232320959,201.5140620060265,55.95380069291967,55.95155825974112,7307.646750006825,119.216816034168,7180.717349983752,True,True
phase3c-xpyd_feedback_2p2d_binary_energy_p95_r7b_257099-0156,decode_medium,128,128,128,P1,D1,191.923285019584,55.950982755556055,199.1089569637552,55.95410635463864,55.951638103235425,7305.280464002863,117.51242796890438,7179.985380033031,True,True
phase3c-xpyd_feedback_2p2d_binary_energy_p95_r7b_257099-0157,decode_medium,128,128,128,P1,D1,189.10889304243028,55.95057716549147,196.10828708391637,55.95502573960116,55.95256653467677,7302.396556013264,114.9306760635227,7179.679844994098,True,True
phase3c-xpyd_feedback_2p2d_binary_energy_p95_r7b_257099-0158,decode_medium,128,128,128,P1,D1,186.54670496471226,55.95620962200818,194.12633206229657,55.958903511054814,55.956374763100456,7300.907077966258,112.30376595631242,7180.421005934477,True,True
phase3c-xpyd_feedback_2p2d_binary_energy_p95_r7b_257099-0159,decode_medium,128,128,128,P1,D1,187.79067799914628,55.95156297685329,195.9898299537599,55.95418815794364,55.95198535455728,7302.171726012602,113.14748192671686,7180.26799603831,True,True
phase3c-xpyd_feedback_2p2d_binary_energy_p95_r7b_257099-0160,decode_medium,128,128,128,P1,D1,187.99236800987273,55.953053866630405,194.967528921552,55.95542696088288,55.9531811892429,7301.306752953678,113.66499401628971,7180.1454240921885,True,True
phase3c-xpyd_feedback_2p2d_binary_energy_p95_r7b_257099-0161,decode_medium,128,128,128,P1,D1,183.89024201314896,55.94729203969152,190.30724302865565,55.94863917304599,55.94641707863248,7295.784418005496,108.23752696160227,7180.678801028989,True,True
phase3c-xpyd_feedback_2p2d_binary_energy_p95_r7b_257099-0162,decode_medium,128,128,128,P1,D1,190.28752099256963,55.93618496108478,196.21850294061005,55.93822925996886,55.935745071583085,7300.373618956655,113.23397792875767,7180.718627991155,True,True
phase3c-xpyd_feedback_2p2d_binary_energy_p95_r7b_257099-0163,decode_medium,128,128,128,P1,D1,177.1951710106805,55.951110401748146,183.78647498320788,55.95370450361419,55.95151284218245,7289.90694694221,103.92083006445318,7178.858881001361,True,True
phase3c-xpyd_feedback_2p2d_binary_energy_p95_r7b_257099-0164,decode_medium,128,128,128,P1,D1,201.4708440983668,55.95520120407418,209.92966589983553,55.95783381099542,55.95514959083709,7316.574559896253,126.89702596981078,7180.66524900496,True,True
phase3c-xpyd_feedback_2p2d_binary_energy_p95_r7b_257099-0165,decode_medium,128,128,128,P1,D1,191.98415707796812,55.95720069314258,202.51087401993573,55.96071833792311,55.95829425192636,7309.522102936171,117.6179910544306,7180.709609994665,True,True
phase3c-xpyd_feedback_2p2d_binary_energy_p95_r7b_257099-0166,decode_medium,128,128,128,P1,D1,192.82829901203513,55.95546818107337,199.81555198319256,55.957011307413715,55.95481582719275,7306.355988024734,117.70514899399132,7181.254860013723,True,True
phase3c-xpyd_feedback_2p2d_binary_energy_p95_r7b_257099-0167,decode_medium,128,128,128,P1,D1,176.51896399911493,55.95163436969522,181.95410596672446,55.95403934616273,55.951683220130896,7288.117102929391,102.10415802430362,7180.045015993528,True,True
phase3c-xpyd_feedback_2p2d_binary_energy_p95_r7b_257099-0168,decode_medium,128,128,128,P1,D1,193.00569593906403,55.95737415747204,199.92661208380014,55.96043751116725,55.95804322840954,7306.9021760020405,118.59814205672592,7180.782436975278,True,True
phase3c-xpyd_feedback_2p2d_binary_energy_p95_r7b_257099-0169,decode_medium,128,128,128,P1,D1,190.5490419594571,55.952157504401924,198.96003894973546,55.95463643301513,55.95209021267929,7305.198865942657,115.99981202743948,7180.214516003616,True,True
phase3c-xpyd_feedback_2p2d_binary_energy_p95_r7b_257099-0170,decode_medium,128,128,128,P1,D1,192.46351206675172,55.954967960018635,199.85767093021423,55.95739898418524,55.95509078001648,7306.447341921739,118.28096001408994,7180.251025944017,True,True
phase3c-xpyd_feedback_2p2d_binary_energy_p95_r7b_257099-0171,decode_medium,128,128,128,P1,D1,196.39610406011343,55.950179235921716,202.06425292417407,55.95277099206486,55.95013901580301,7308.066168916412,120.12093793600798,7181.71518703457,True,True
phase3c-xpyd_feedback_2p2d_binary_energy_p95_r7b_257099-0172,decode_medium,128,128,128,P1,D1,197.15775595977902,55.95401587426721,202.9306829208508,55.956060905559504,55.95354005551391,7309.3504179269075,120.88347307872027,7182.196008041501,True,True
phase3c-xpyd_feedback_2p2d_binary_energy_p95_r7b_257099-0173,decode_medium,128,128,128,P1,D1,193.36839206516743,55.946876905403855,200.13334904797375,55.95108402405286,55.94846213375783,7305.921020102687,117.02350899577141,7181.355537031777,True,True
phase3c-xpyd_feedback_2p2d_binary_energy_p95_r7b_257099-0174,decode_medium,128,128,128,P1,D1,191.29969703499228,55.95015905482152,198.39602906722575,55.95183097592401,55.94958593669223,7304.278563009575,116.98294105008245,7179.778578924015,True,True
phase3c-xpyd_feedback_2p2d_binary_energy_p95_r7b_257099-0175,decode_medium,128,128,128,P1,D1,194.18756302911788,55.95242273975457,201.88426005188376,55.95592048851494,55.953632826608874,7308.286162093282,119.56877808552235,7180.371492984705,True,True
phase3c-xpyd_feedback_2p2d_binary_energy_p95_r7b_257099-0176,decode_medium,128,128,128,P1,D1,193.08132701553404,55.95185906318288,201.47103595081717,55.95470125984958,55.95224983458532,7307.718095951714,119.0683440072462,7179.677014006302,True,True
phase3c-xpyd_feedback_2p2d_binary_energy_p95_r7b_257099-0177,decode_medium,128,128,128,P1,D1,192.43690092116594,55.95060122038025,198.91095801722258,55.95366750370828,55.95141774003108,7305.026730988175,118.51143895182759,7179.422067012638,True,True
phase3c-xpyd_feedback_2p2d_binary_energy_p95_r7b_257099-0178,decode_medium,128,128,128,P1,D1,190.80764602404088,55.9536645355759,197.94234191067517,55.95594859044031,55.95371071670908,7304.347812896594,117.19873500987887,7179.514814983122,True,True
phase3c-xpyd_feedback_2p2d_binary_energy_p95_r7b_257099-0179,decode_medium,128,128,128,P1,D1,193.28507198952138,55.95086081096477,200.09625097736716,55.95316485076497,55.95063748054471,7306.148187024519,118.84535499848425,7179.969762917608,True,True
phase3c-xpyd_feedback_2p2d_binary_energy_p95_r7b_257099-0180,decode_medium,128,128,128,P1,D1,192.39495403598994,55.94845127596659,198.52116703987122,55.950582622345095,55.94833099968937,7304.2451600776985,118.00379399210215,7179.593924083747,True,True
phase3c-xpyd_feedback_2p2d_binary_energy_p95_r7b_257099-0181,decode_medium,128,128,128,P1,D1,195.05869993008673,55.95294500822128,201.56658301129937,55.95685924425369,55.95454948818619,7308.087707031518,120.45481498353183,7180.390698951669,True,True
phase3c-xpyd_feedback_2p2d_binary_energy_p95_r7b_257099-0182,decode_medium,128,128,128,P1,D1,189.33558207936585,55.95109449593189,197.30240805074573,55.95359659027748,55.95128762161755,7303.409175015986,115.43648294173181,7179.466109024361,True,True
phase3c-xpyd_feedback_2p2d_binary_energy_p95_r7b_257099-0183,decode_medium,128,128,128,P1,D1,193.84974299464375,55.91655870089234,202.5372110074386,55.91932389753189,55.91697831487826,7304.291345993988,115.86893605999649,7179.1784999659285,True,True
phase3c-xpyd_feedback_2p2d_binary_energy_p95_r7b_257099-0184,decode_medium,128,128,128,P1,D1,190.4216679977253,55.951330094876894,197.5140190916136,55.95361334583392,55.951340157010655,7303.6229140125215,113.62519708927721,7182.395991054364,True,True
phase3c-xpyd_feedback_2p2d_binary_energy_p95_r7b_257099-0185,decode_medium,128,128,128,P1,D1,186.84905499685556,55.952614881868264,194.44886897690594,55.955297046883665,55.95290849597641,7300.771593931131,113.04065503645688,7179.537990945391,True,True
phase3c-xpyd_feedback_2p2d_binary_energy_p95_r7b_257099-0186,decode_medium,128,128,128,P1,D1,189.79985604528338,55.96057607839984,197.55588402040303,55.9630717873192,55.9607972198452,7304.866001009941,115.80407398287207,7180.730258929543,True,True
phase3c-xpyd_feedback_2p2d_binary_energy_p95_r7b_257099-0187,decode_medium,128,128,128,P1,D1,192.0880200341344,55.95055158987025,199.01074701920152,55.952377574276326,55.950127110273876,7304.962698952295,114.7519979858771,7182.83145991154,True,True
phase3c-xpyd_feedback_2p2d_binary_energy_p95_r7b_257099-0188,decode_medium,128,128,128,P1,D1,187.5415639951825,55.95093504727385,196.02720392867923,55.953506205238284,55.95123841001938,7302.122491993941,112.47377598192543,7180.597209953703,True,True
phase3c-xpyd_feedback_2p2d_binary_energy_p95_r7b_257099-0189,decode_medium,128,128,128,P1,D1,188.37401701603085,55.955870866254855,196.73629698809236,55.960570795710865,55.95823825982318,7303.728788043372,114.10109302960336,7180.4637589957565,True,True
phase3c-xpyd_feedback_2p2d_binary_energy_p95_r7b_257099-0190,decode_medium,128,128,128,P1,D1,186.21073989197612,55.95441615780977,193.9747070427984,55.95684150329197,55.95428356625814,7300.493577960879,110.4129400337115,7181.748996023089,True,True
phase3c-xpyd_feedback_2p2d_binary_energy_p95_r7b_257099-0191,decode_medium,128,128,128,P1,D1,186.7432319559157,55.95129151190594,194.45713004097342,55.95410611080813,55.95145871639105,7300.628606113605,112.87748999893665,7179.465394001454,True,True
phase3c-xpyd_feedback_2p2d_binary_energy_p95_r7b_257099-0192,decode_heavy,128,256,256,P1,D1,187.50205996911973,56.02296936855304,196.77615002729,56.02415119589982,56.023026705609965,14482.934704981744,113.77519799862057,14359.372689970769,True,True
phase3c-xpyd_feedback_2p2d_binary_energy_p95_r7b_257099-0193,decode_heavy,128,256,256,P1,D1,189.18061605654657,56.023685940924814,195.4115239204839,56.02463375293083,56.0235071018813,14481.693130917847,114.26871397998184,14360.719592892565,True,True
phase3c-xpyd_feedback_2p2d_binary_energy_p95_r7b_257099-0194,decode_heavy,128,256,256,P1,D1,190.63248194288462,56.025413470799286,196.87840901315212,56.02669909815578,56.02557656501292,14483.686679042876,116.48867395706475,14360.42338295374,True,True
phase3c-xpyd_feedback_2p2d_binary_energy_p95_r7b_257099-0195,decode_heavy,128,256,256,P1,D1,185.99741207435727,56.02551709002286,192.2173839993775,56.026628250986626,56.02536460786474,14479.007588000968,112.0268990052864,14360.190998995677,True,True
phase3c-xpyd_feedback_2p2d_binary_energy_p95_r7b_257099-0196,decode_heavy,128,256,256,P1,D1,191.32370501756668,56.024206388175635,197.1150169847533,56.02556390998264,56.02418843921566,14483.633814030327,117.31946899089962,14359.950211946853,True,True
phase3c-xpyd_feedback_2p2d_binary_energy_p95_r7b_257099-0197,decode_heavy,128,256,256,P1,D1,184.84139605425298,56.02492619963253,192.36294506117702,56.02721562746036,56.02607611365909,14479.302930063568,112.04089294187725,14358.951014932245,True,True
phase3c-xpyd_feedback_2p2d_binary_energy_p95_r7b_257099-0198,decode_heavy,128,256,256,P1,D1,192.1975640580058,56.02519084315966,198.8858690019697,56.026696101944964,56.02555501174328,14485.693374997936,117.93975997716188,14360.461596981622,True,True
phase3c-xpyd_feedback_2p2d_binary_energy_p95_r7b_257099-0199,decode_heavy,128,256,256,P1,D1,186.79596506990492,56.0273368861161,193.61871504224837,56.02866425087639,56.02727177251569,14480.928099015728,112.28545801714063,14361.242486978881,True,True
phase3c-xpyd_feedback_2p2d_binary_energy_p95_r7b_257099-0200,decode_heavy,128,256,256,P1,D1,193.39048699475825,56.02704803915877,200.00752597115934,56.02827624682629,56.027183015648205,14487.217968911864,119.77762100286782,14360.296083032154,True,True
phase3c-xpyd_feedback_2p2d_binary_energy_p95_r7b_257099-0201,decode_heavy,128,256,256,P1,D1,196.86256803106517,56.026944733571774,206.24994905665517,56.0282440824142,56.027156270711735,14493.452190072276,123.04976698942482,14360.454243025742,True,True
phase3c-xpyd_feedback_2p2d_binary_energy_p95_r7b_257099-0202,decode_heavy,128,256,256,P1,D1,191.53517088852823,56.02535585114988,199.18925990350544,56.02636998427995,56.0252202355175,14485.913605894893,116.75963795278221,14361.011037020944,True,True
phase3c-xpyd_feedback_2p2d_binary_energy_p95_r7b_257099-0203,decode_heavy,128,256,256,P1,D1,189.75879799108952,56.02317071775449,196.0475160740316,56.023864819686494,56.02263839979309,14482.133045094088,114.70595002174377,14360.718129086308,True,True
phase3c-xpyd_feedback_2p2d_binary_energy_p95_r7b_257099-0204,decode_heavy,128,256,256,P1,D1,188.35352105088532,56.027586741245116,195.68828295450658,56.028734576687505,56.027603902233146,14483.015600009821,115.72387302294374,14359.47607201524,True,True
phase3c-xpyd_feedback_2p2d_binary_energy_p95_r7b_257099-0205,decode_heavy,128,256,256,P1,D1,189.62533900048584,56.02518027812681,196.00708095822483,56.02720682737509,56.025951435132065,14482.944821938872,115.7416959758848,14360.095217940398,True,True
phase3c-xpyd_feedback_2p2d_binary_energy_p95_r7b_257099-0206,decode_heavy,128,256,256,P1,D1,188.91296989750117,56.02563793734446,196.74207700882107,56.02680850207951,56.0256755646026,14483.578245039098,115.36674096714705,14359.865189995617,True,True
phase3c-xpyd_feedback_2p2d_binary_energy_p95_r7b_257099-0207,decode_heavy,128,256,256,P1,D1,189.5069080637768,56.02724367031353,197.6247290149331,56.028333858714674,56.02707565515576,14484.849862987176,115.19263801164925,14361.03217897471,True,True
phase3c-xpyd_feedback_2p2d_binary_energy_p95_r7b_257099-0208,decode_heavy,128,256,256,P1,D1,183.84298007003963,56.02484514900282,195.60303702019155,56.025951078581606,56.024821560975965,14482.220562058501,110.07327900733799,14359.893954009749,True,True
phase3c-xpyd_feedback_2p2d_binary_energy_p95_r7b_257099-0209,decode_heavy,128,256,256,P1,D1,186.66626699268818,56.026266847152776,195.52755600307137,56.0273265571096,56.02621346273843,14482.495828066021,112.81026597134769,14360.343701089732,True,True
phase3c-xpyd_feedback_2p2d_binary_energy_p95_r7b_257099-0210,decode_heavy,128,256,256,P1,D1,188.9313090359792,56.02612900775949,196.3108479976654,56.027358086031,56.026092984293605,14483.287159935571,114.76014694198966,14360.614826902747,True,True
phase3c-xpyd_feedback_2p2d_binary_energy_p95_r7b_257099-0211,decode_heavy,128,256,256,P1,D1,187.71557603031397,56.01935531788816,198.18514795042574,56.02037780781222,56.01925376081365,14483.381488942541,110.75753602199256,14361.66721500922,True,True
phase3c-xpyd_feedback_2p2d_binary_energy_p95_r7b_257099-0212,decode_heavy,128,256,256,P1,D1,189.99877199530602,56.0235960509482,196.67178892996162,56.02477154119269,56.02328375703198,14482.988531934097,114.2265769885853,14361.561022000387,True,True
phase3c-xpyd_feedback_2p2d_binary_energy_p95_r7b_257099-0213,decode_heavy,128,256,256,P1,D1,188.1744930287823,56.024414639207805,196.12619397230446,56.026032615873014,56.02488121994789,14482.764511019923,113.11065300833434,14361.061067087576,True,True
phase3c-xpyd_feedback_2p2d_binary_energy_p95_r7b_257099-0214,decode_heavy,128,256,256,P1,D1,191.59063301049173,56.02407321178665,199.33635706547648,56.025291784374296,56.02417935653791,14485.785762080923,117.38097702618688,14360.119318007492,True,True
phase3c-xpyd_feedback_2p2d_binary_energy_p95_r7b_257099-0215,decode_heavy,128,256,256,P1,D1,174.67536602634937,56.02311313736673,182.51891201362014,56.02425746254477,56.02315886256596,14468.704564962536,100.78192898072302,14359.567812061869,True,True
phase3c-xpyd_feedback_2p2d_binary_energy_p95_r7b_257099-0216,decode_heavy,128,256,256,P1,D1,196.7785470187664,56.029618407745716,204.14606598205864,56.03078543528111,56.02964981979526,14491.996351978742,114.88648201338947,14369.221701985225,True,True
phase3c-xpyd_feedback_2p2d_binary_energy_p95_r7b_257099-0217,decode_heavy,128,256,256,P1,D1,191.7373799951747,56.027160345248,200.0799389788881,56.0282753762223,56.02716979588948,14487.290159915574,117.47344606555998,14360.971439047717,True,True
phase3c-xpyd_feedback_2p2d_binary_energy_p95_r7b_257099-0218,decode_heavy,128,256,256,P1,D1,189.0658049378544,56.02597158456988,196.33965101093054,56.02848704712575,56.027344890011875,14483.603848027997,114.30085601750761,14361.169982003048,True,True
phase3c-xpyd_feedback_2p2d_binary_energy_p95_r7b_257099-0219,decode_heavy,128,256,256,P1,D1,186.65229994803667,56.02635555288882,193.81304597482085,56.027719686629574,56.026516694064235,14480.881566065364,112.9995280643925,14360.166063997895,True,True
phase3c-xpyd_feedback_2p2d_binary_energy_p95_r7b_257099-0220,decode_heavy,128,256,256,P1,D1,196.7219359939918,56.02450255286314,204.11115197930485,56.025607811798366,56.02450686662147,14490.641143987887,119.96206897310913,14362.77909995988,True,True
phase3c-xpyd_feedback_2p2d_binary_energy_p95_r7b_257099-0221,decode_heavy,128,256,256,P1,D1,193.79068503621966,56.025708388244986,202.37647311296314,56.026968548950904,56.02586225095187,14489.253453095444,120.25127199012786,14359.87023904454,True,True
phase3c-xpyd_feedback_2p2d_binary_energy_p95_r7b_257099-0222,decode_heavy,128,256,256,P1,D1,191.15254294592887,56.027983019457146,199.04942391440272,56.02974433351454,56.02861612158663,14486.634228960611,117.48403403908014,14360.581839922816,True,True
phase3c-xpyd_feedback_2p2d_binary_energy_p95_r7b_257099-0223,decode_heavy,128,256,256,P1,D1,193.67951294407248,56.025669553006686,203.65997194312513,56.02704587063807,56.02568378808963,14490.556668955833,119.42429398186505,14360.52921996452,True,True
phase3c-xpyd_feedback_2p2d_binary_energy_p95_r7b_257099-0224,decode_heavy,128,256,256,P1,D1,193.93644796218723,56.02581393722372,204.15355602744967,56.02703047459762,56.02590528627237,14491.046327049844,119.96264895424247,14360.340478946455,True,True
phase3c-xpyd_feedback_2p2d_binary_energy_p95_r7b_257099-0225,decode_heavy,128,256,256,P1,D1,192.63547798618674,56.0246525843646,200.6024819565937,56.02595108634262,56.024714411857225,14487.220008973964,119.62489399593323,14359.075905987993,True,True
phase3c-xpyd_feedback_2p2d_binary_energy_p95_r7b_257099-0226,decode_heavy,128,256,256,P1,D1,191.610447014682,56.024627200346075,198.93954100552946,56.02617427049314,56.024918266499014,14485.61397998128,117.3672080039978,14360.28044205159,True,True
phase3c-xpyd_feedback_2p2d_binary_energy_p95_r7b_257099-0227,decode_heavy,128,256,256,P1,D1,189.318906981498,56.024902129509286,201.03985897731036,56.02645535688555,56.02523999599119,14487.785974983126,116.62195599637926,14358.829509001225,True,True
phase3c-xpyd_feedback_2p2d_binary_energy_p95_r7b_257099-0228,decode_heavy,128,256,256,P1,D1,202.50469108577818,56.02281725481518,209.13669397123158,56.02419754152423,56.022915921594,14495.307067059912,128.20968800224364,14359.903485979885,True,True
phase3c-xpyd_feedback_2p2d_binary_energy_p95_r7b_257099-0229,decode_heavy,128,256,256,P1,D1,189.3536689458415,56.023873525726444,196.77391496952623,56.02487244314569,56.02377924712046,14483.116387971677,114.85865793656558,14360.349692986347,True,True
phase3c-xpyd_feedback_2p2d_binary_energy_p95_r7b_257099-0230,decode_heavy,128,256,256,P1,D1,190.64030796289444,56.0285346628185,198.45627096947283,56.029640980448356,56.02856230985957,14486.014720983803,116.60530604422092,14361.089206999168,True,True
phase3c-xpyd_feedback_2p2d_binary_energy_p95_r7b_257099-0231,decode_heavy,128,256,256,P1,D1,192.90058105252683,56.02354595675042,201.5219460008666,56.02492730215411,56.023679208010435,14487.878408050165,119.32466691359878,14359.360432019457,True,True
phase3c-xpyd_feedback_2p2d_binary_energy_p95_r7b_257099-0232,decode_heavy,128,256,256,P1,D1,190.50600298214704,56.02434387467071,199.1732019232586,56.02564938074234,56.02444067058683,14485.713794012554,117.94700601603836,14358.545482042246,True,True
phase3c-xpyd_feedback_2p2d_binary_energy_p95_r7b_257099-0233,decode_heavy,128,256,256,P1,D1,188.09181393589824,56.02585218079827,196.76392595283687,56.02707612949113,56.02580203136027,14483.668338973075,114.59779902361333,14359.868187108077,True,True
phase3c-xpyd_feedback_2p2d_binary_energy_p95_r7b_257099-0234,decode_heavy,128,256,256,P1,D1,192.70740007050335,56.0240790156611,200.50296804402024,56.025188140954604,56.02408408999954,14486.925943987444,119.16641902644187,14359.475341043435,True,True
phase3c-xpyd_feedback_2p2d_binary_energy_p95_r7b_257099-0235,decode_heavy,128,256,256,P1,D1,189.98786399606615,56.02925727463455,197.46753806248307,56.030647980286645,56.02937565851664,14485.282773035578,116.69660604093224,14360.547994961962,True,True
phase3c-xpyd_feedback_2p2d_binary_energy_p95_r7b_257099-0236,decode_heavy,128,256,256,P1,D1,192.39900400862098,56.02358425099987,199.46312298998237,56.02501068611209,56.023869286382606,14485.840847948566,118.66873095277697,14359.53930101823,True,True
phase3c-xpyd_feedback_2p2d_binary_energy_p95_r7b_257099-0237,decode_heavy,128,256,256,P1,D1,200.48971800133586,56.023389144855386,208.12993100844324,56.0241143963318,56.02298259242054,14494.279102073051,124.1400019498542,14362.034533987753,True,True
phase3c-xpyd_feedback_2p2d_binary_energy_p95_r7b_257099-0238,decode_heavy,128,256,256,P1,D1,204.86572897061706,56.02591081942413,212.76679495349526,56.027194984512874,56.0259351100517,14499.70151600428,120.56569592095912,14370.6891159527,True,True
phase3c-xpyd_feedback_2p2d_binary_energy_p95_r7b_257099-0239,decode_heavy,128,256,256,P1,D1,192.3055100487545,56.02374406275796,200.60647802893072,56.02501809788758,56.02388711344889,14486.986092990264,117.49396193772554,14360.624458058737,True,True
phase3c-xpyd_feedback_2p2d_binary_energy_p95_r7b_257099-0240,balanced_medium,512,128,128,P1,D1,226.17032995913178,56.398069960849845,236.93047103006393,56.40031334643406,56.39809845602066,7399.77026602719,148.63736799452454,7239.845109987073,True,True
phase3c-xpyd_feedback_2p2d_binary_energy_p95_r7b_257099-0241,balanced_medium,512,128,128,P1,D1,220.10167594999075,56.39618039351162,227.54810692276806,56.39865529158805,56.39622826770857,7390.177328954451,143.19319103378803,7238.996032974683,True,True
phase3c-xpyd_feedback_2p2d_binary_energy_p95_r7b_257099-0242,balanced_medium,512,128,128,P1,D1,218.2172939646989,56.399288071194796,228.2625229563564,56.40173252803955,56.399431378455965,7391.28255401738,141.54010405763984,7239.168798085302,True,True
phase3c-xpyd_feedback_2p2d_binary_energy_p95_r7b_257099-0243,balanced_medium,512,128,128,P1,D1,213.92163098789752,56.39900244024443,221.83164407033473,56.401709117559996,56.39944459846991,7384.848702000454,137.0827010832727,7239.294110913761,True,True
phase3c-xpyd_feedback_2p2d_binary_energy_p95_r7b_257099-0244,balanced_medium,512,128,128,P1,D1,214.79663904756308,56.39628655053529,223.13324792776257,56.39834837038364,56.396112740626485,7385.723490966484,137.68076698761433,7239.2184569034725,True,True
phase3c-xpyd_feedback_2p2d_binary_energy_p95_r7b_257099-0245,balanced_medium,512,128,128,P1,D1,211.45193092525005,56.39816790555171,219.57695798482746,56.40074008650432,56.39848520513624,7382.470948970877,134.96178796049207,7238.789452938363,True,True
phase3c-xpyd_feedback_2p2d_binary_energy_p95_r7b_257099-0246,balanced_medium,512,128,128,P1,D1,214.49378901161253,56.396931441002124,223.0907540069893,56.39908343322546,56.39684022822249,7385.774350026622,137.5618940219283,7239.134166040458,True,True
phase3c-xpyd_feedback_2p2d_binary_energy_p95_r7b_257099-0247,balanced_medium,512,128,128,P1,D1,215.14125110115856,56.39755735393819,223.22864504531026,56.399963550474936,56.39744204685356,7386.024015955627,138.3438550401479,7239.057415979914,True,True
phase3c-xpyd_feedback_2p2d_binary_energy_p95_r7b_257099-0248,balanced_medium,512,128,128,P1,D1,217.35461405478418,56.396828156778604,226.19325399864465,56.39930321251988,56.39716516538545,7388.90476198867,140.29834093526006,7239.240153925493,True,True
phase3c-xpyd_feedback_2p2d_binary_energy_p95_r7b_257099-0249,balanced_medium,512,128,128,P1,D1,215.16541996970773,56.39763818925437,221.64140199311078,56.40005737022445,56.39758640093597,7384.4486880116165,139.80619504582137,7237.64691199176,True,True
phase3c-xpyd_feedback_2p2d_binary_energy_p95_r7b_257099-0250,balanced_medium,512,128,128,P1,D1,216.47753100842237,56.395718511597316,224.32716004550457,56.39832192118917,56.39609889728641,7386.91404403653,139.44969093427062,7239.052979974076,True,True
phase3c-xpyd_feedback_2p2d_binary_energy_p95_r7b_257099-0251,balanced_medium,512,128,128,P1,D1,214.42788396961987,56.396288613928114,220.47269891481847,56.398656094578776,56.39642211021929,7383.102022926323,137.63246801681817,7238.898109993897,True,True
phase3c-xpyd_feedback_2p2d_binary_energy_p95_r7b_257099-0252,balanced_medium,512,128,128,P1,D1,214.06616095919162,56.395268204299306,219.70922907348722,56.39808288936716,56.39582268497723,7382.265756023116,137.11243798024952,7238.929533981718,True,True
phase3c-xpyd_feedback_2p2d_binary_energy_p95_r7b_257099-0253,balanced_medium,512,128,128,P1,D1,216.80110390298069,56.396584780006776,223.85599603876472,56.399293976293244,56.39703933783902,7386.566331028007,139.85931500792503,7239.082637010142,True,True
phase3c-xpyd_feedback_2p2d_binary_energy_p95_r7b_257099-0254,balanced_medium,512,128,128,P1,D1,220.24228097870946,56.39709451961822,227.62794594746083,56.39928704728995,56.396951882432646,7390.337400953285,143.4450229862705,7239.005226059817,True,True
phase3c-xpyd_feedback_2p2d_binary_energy_p95_r7b_257099-0255,balanced_medium,512,128,128,P1,D1,220.34648898988962,56.3959665202323,227.05428500194103,56.39854725175281,56.396153551071706,7389.669785974547,141.4881768869236,7240.937968017533,True,True
phase3c-xpyd_feedback_2p2d_binary_energy_p95_r7b_257099-0256,balanced_medium,512,128,128,P1,D1,215.9513389924541,56.39712285804086,223.78231293987483,56.3990407243855,56.39679557515499,7386.460484936833,139.27677797619253,7238.899606978521,True,True
phase3c-xpyd_feedback_2p2d_binary_energy_p95_r7b_257099-0257,balanced_medium,512,128,128,P1,D1,215.9293630393222,56.39719521245501,222.9861500672996,56.399562842520616,56.39732192915783,7385.730631067418,138.33990099374205,7239.823678974062,True,True
phase3c-xpyd_feedback_2p2d_binary_energy_p95_r7b_257099-0258,balanced_medium,512,128,128,P1,D1,218.14907097723335,56.39908907066033,225.5708510056138,56.40376326041369,56.40130780369601,7388.848785078153,141.34284702595323,7239.2661169869825,True,True
phase3c-xpyd_feedback_2p2d_binary_energy_p95_r7b_257099-0259,balanced_medium,512,128,128,P1,D1,218.87809596955776,56.39610929949957,226.28220496699214,56.3984084489396,56.396273417603666,7388.880077982321,141.7169610504061,7239.2723740777,True,True
phase3c-xpyd_feedback_2p2d_binary_energy_p95_r7b_257099-0260,balanced_medium,512,128,128,P1,D1,214.87051295116544,56.40305320486632,222.25006599910557,56.405648685383106,56.403511110326555,7385.76744904276,138.04855500347912,7239.804200944491,True,True
phase3c-xpyd_feedback_2p2d_binary_energy_p95_r7b_257099-0261,balanced_medium,512,128,128,P1,D1,220.85365501698107,56.397492715934895,227.87775401957333,56.3999635908078,56.39774590551003,7390.673130052164,143.72492604888976,7239.392027026042,True,True
phase3c-xpyd_feedback_2p2d_binary_energy_p95_r7b_257099-0262,balanced_medium,512,128,128,P1,D1,218.1851729983464,56.394871606630836,226.65819595567882,56.397046354841294,56.39486574003194,7389.083083020523,141.2595669971779,7238.859880017117,True,True
phase3c-xpyd_feedback_2p2d_binary_energy_p95_r7b_257099-0263,balanced_medium,512,128,128,P1,D1,220.36424500402063,56.35578168545094,227.91482601314783,56.35803859812889,56.355841535759545,7385.3857279755175,138.3415029849857,7238.990715006366,True,True
phase3c-xpyd_feedback_2p2d_binary_energy_p95_r7b_257099-0264,balanced_medium,512,128,128,P1,D1,216.69609402306378,56.39729666153306,223.33499102387577,56.39962223633449,56.39718100795243,7386.087015038356,140.01794497016817,7238.930042018183,True,True
phase3c-xpyd_feedback_2p2d_binary_energy_p95_r7b_257099-0265,balanced_medium,512,128,128,P1,D1,214.81345605570823,56.39535325898341,223.6429980257526,56.39777234645458,56.395506654044716,7386.160086025484,138.67149001453072,7238.134808954783,True,True
phase3c-xpyd_feedback_2p2d_binary_energy_p95_r7b_257099-0266,balanced_medium,512,128,128,P1,D1,219.06705806031823,56.39507676342752,227.24447201471776,56.40366192133437,56.39668143314024,7390.509536024183,142.0403600204736,7238.985553965904,True,True
phase3c-xpyd_feedback_2p2d_binary_energy_p95_r7b_257099-0267,balanced_medium,512,128,128,P1,D1,216.75852104090154,56.398805629601334,224.6123719960451,56.40102683394179,56.39859562186069,7387.542779906653,140.22724598180503,7238.9404230052605,True,True
phase3c-xpyd_feedback_2p2d_binary_energy_p95_r7b_257099-0268,balanced_medium,512,128,128,P1,D1,217.83186995889992,56.39643386633348,224.6266930596903,56.39839329844795,56.39618552678565,7387.22264196258,140.86112205404788,7239.04684104491,True,True
phase3c-xpyd_feedback_2p2d_binary_energy_p95_r7b_257099-0269,balanced_medium,512,128,128,P1,D1,217.63459697831422,56.39746139379673,225.20061093382537,56.399890512235345,56.39769016548727,7387.986705987714,140.90274996124208,7238.994269981049,True,True
phase3c-xpyd_feedback_2p2d_binary_energy_p95_r7b_257099-0270,balanced_medium,512,128,128,P1,D1,214.2041620099917,56.39671063780286,222.62667398899794,56.399294441037874,56.39707129980313,7385.337068000808,137.47188996057957,7238.886569044553,True,True
phase3c-xpyd_feedback_2p2d_binary_energy_p95_r7b_257099-0271,balanced_medium,512,128,128,P1,D1,218.4502719901502,56.39673988188169,225.06401501595974,56.39909673298848,56.396936401944814,7387.749300105497,142.5778199918568,7238.048691069707,True,True
phase3c-xpyd_feedback_2p2d_binary_energy_p95_r7b_257099-0272,balanced_medium,512,128,128,P1,D1,217.33179304283112,56.3966788105872,224.11985194776207,56.40035055167093,56.39685177992237,7386.96437200997,140.56276995688677,7238.933430984616,True,True
phase3c-xpyd_feedback_2p2d_binary_energy_p95_r7b_257099-0273,balanced_medium,512,128,128,P1,D1,217.04716002568603,56.398161424793244,224.36157101765275,56.40048639368501,56.39835550380123,7387.223343015648,140.1788688963279,7239.226259989664,True,True
phase3c-xpyd_feedback_2p2d_binary_energy_p95_r7b_257099-0274,balanced_medium,512,128,128,P1,D1,215.07722197566181,56.39662537778779,221.23512299731374,56.40030852023981,56.39817508663542,7384.07430506777,138.48021300509572,7238.761699991301,True,True
phase3c-xpyd_feedback_2p2d_binary_energy_p95_r7b_257099-0275,balanced_medium,512,128,128,P1,D1,223.74747798312455,56.39759979511457,230.6586119811982,56.40010748014558,56.397997534936515,7393.472261959687,147.03077299054712,7239.015104016289,True,True
phase3c-xpyd_feedback_2p2d_binary_energy_p95_r7b_257099-0276,balanced_medium,512,128,128,P1,D1,226.1375079397112,56.39426428348002,234.49631303083152,56.39671626790449,56.394545724395456,7396.879279054701,146.93433500360698,7241.060354979709,True,True
phase3c-xpyd_feedback_2p2d_binary_energy_p95_r7b_257099-0277,balanced_medium,512,128,128,P1,D1,221.9158379593864,56.398646369774454,229.84392999205738,56.400467109991105,56.398260574897854,7392.703252960928,144.53901292290539,7239.789366023615,True,True
phase3c-xpyd_feedback_2p2d_binary_energy_p95_r7b_257099-0278,balanced_medium,512,128,128,P1,D1,225.59256199747324,56.413368755533526,234.32598600629717,56.415631850140066,56.41346718147984,7399.111230974086,149.01771408040076,7240.868830936961,True,True
phase3c-xpyd_feedback_2p2d_binary_energy_p95_r7b_257099-0279,balanced_medium,512,128,128,P1,D1,217.15228201355785,56.39688888982701,224.0774859674275,56.403250322589194,56.39684271694374,7387.290276936255,139.67081299051642,7239.663907093927,True,True
phase3c-xpyd_feedback_2p2d_binary_energy_p95_r7b_257099-0280,balanced_medium,512,128,128,P1,D1,221.5796950040385,56.397108094378076,228.4896100172773,56.39880405570285,56.39641781935219,7391.137725091539,144.68362694606185,7239.1149930190295,True,True
phase3c-xpyd_feedback_2p2d_binary_energy_p95_r7b_257099-0281,balanced_medium,512,128,128,P1,D1,218.35941798053682,56.39675163799589,224.65076495427638,56.39928115777466,56.39691120490256,7387.359471991658,141.22007205151021,7239.312794059515,True,True
phase3c-xpyd_feedback_2p2d_binary_energy_p95_r7b_257099-0282,balanced_medium,512,128,128,P1,D1,219.6104679023847,56.39698067001676,226.2206580489874,56.40045374789546,56.3984407867327,7389.0782840317115,143.03853106684983,7238.783564069308,True,True
phase3c-xpyd_feedback_2p2d_binary_energy_p95_r7b_257099-0283,balanced_medium,512,128,128,P1,D1,219.71906197723,56.39716991366393,227.9672740260139,56.39923614996126,56.3970344172292,7390.670265071094,143.0887469323352,7238.8579660328105,True,True
phase3c-xpyd_feedback_2p2d_binary_energy_p95_r7b_257099-0284,balanced_medium,512,128,128,P1,D1,220.24646296631545,56.39593015740237,227.91068500373513,56.397976480263075,56.395840960349446,7390.453697997145,142.84337009303272,7239.441407029517,True,True
phase3c-xpyd_feedback_2p2d_binary_energy_p95_r7b_257099-0285,balanced_medium,512,128,128,P1,D1,214.9017540505156,56.3987329992737,222.32245793566108,56.40148788261572,56.39923529197117,7385.3114190278575,138.41633696574718,7238.917326903902,True,True
phase3c-xpyd_feedback_2p2d_binary_energy_p95_r7b_257099-0286,balanced_medium,512,128,128,P1,D1,217.64264698140323,56.39616474069244,225.79525993205607,56.39895044109513,56.39675484262553,7388.461965951137,138.96882196422666,7240.791324991733,True,True
phase3c-xpyd_feedback_2p2d_binary_energy_p95_r7b_257099-0287,balanced_medium,512,128,128,P1,D1,218.19328202400357,56.39970356664496,224.46371102705598,56.40228555948422,56.40005311785691,7387.553977081552,140.88717300910503,7239.81483397074,True,True
phase3c-xpyd_feedback_2p2d_binary_energy_p95_r7b_257099-0288,both_heavy,2048,256,256,P1,D1,470.9664019756019,58.14225261200073,480.72089010383934,58.1432386899513,58.142127596097545,15307.246756041422,381.80934195406735,14915.211669052951,True,True
phase3c-xpyd_feedback_2p2d_binary_energy_p95_r7b_257099-0289,both_heavy,2048,256,256,P1,D1,466.1015890305862,58.14237515670339,472.859182045795,58.14389408219094,58.14276298818489,15299.552173004486,377.8163039823994,14914.365962031297,True,True
phase3c-xpyd_feedback_2p2d_binary_energy_p95_r7b_257099-0290,both_heavy,2048,256,256,P1,D1,465.003628982231,58.14167370599713,471.02435608394444,58.144361423511135,58.14195305483379,15297.836519079283,376.6362949972972,14914.261392084882,True,True
phase3c-xpyd_feedback_2p2d_binary_energy_p95_r7b_257099-0291,both_heavy,2048,256,256,P1,D1,465.8779329620302,58.14154613717441,474.15148792788386,58.14331876086619,58.14143804349371,15300.697771948762,377.7149220695719,14914.002693956718,True,True
phase3c-xpyd_feedback_2p2d_binary_energy_p95_r7b_257099-0292,both_heavy,2048,256,256,P1,D1,466.8126539327204,58.141818047300276,475.9092970052734,58.14297541555967,58.141868615833424,15302.368027972989,378.74060997273773,14913.988338084891,True,True
phase3c-xpyd_feedback_2p2d_binary_energy_p95_r7b_257099-0293,both_heavy,2048,256,256,P1,D1,465.5907840933651,58.14360707824794,473.0419371044263,58.145011945025004,58.1438779762453,15300.019983085804,377.0707621006295,14914.913204032928,True,True
phase3c-xpyd_feedback_2p2d_binary_energy_p95_r7b_257099-0294,both_heavy,2048,256,256,P1,D1,465.4672909528017,58.14161011766569,473.4786900226027,58.14293652553769,58.14168995301075,15299.927504034713,375.9384769946337,14915.42654891964,True,True
phase3c-xpyd_feedback_2p2d_binary_energy_p95_r7b_257099-0295,both_heavy,2048,256,256,P1,D1,467.71824394818395,58.142479192282934,475.05264508072287,58.14378673311177,58.14264434499337,15301.718262024224,378.5504410043359,14915.287451935,True,True
phase3c-xpyd_feedback_2p2d_binary_energy_p95_r7b_257099-0296,both_heavy,2048,256,256,P1,D1,468.807783909142,58.14159693351636,476.027593947947,58.142633168665945,58.14149931401891,15302.399051957764,380.2575300214812,14914.440274005756,True,True
phase3c-xpyd_feedback_2p2d_binary_energy_p95_r7b_257099-0297,both_heavy,2048,256,256,P1,D1,467.92215399909765,58.141252246922726,474.69955193810165,58.14258585108772,58.14131009027216,15301.058943965472,379.4561111135408,14914.281656965613,True,True
phase3c-xpyd_feedback_2p2d_binary_energy_p95_r7b_257099-0298,both_heavy,2048,256,256,P1,D1,471.0226939059794,58.12316699245689,477.4656789377332,58.124225521825394,58.123098960712404,15299.14318700321,377.30188004206866,14914.907878031954,True,True
phase3c-xpyd_feedback_2p2d_binary_energy_p95_r7b_257099-0299,both_heavy,2048,256,256,P1,D1,468.66182005032897,58.141156874469246,474.69223011285067,58.1422103486736,58.14107615254162,15300.95586902462,378.76006099395454,14915.666674030945,True,True
phase3c-xpyd_feedback_2p2d_binary_energy_p95_r7b_257099-0300,both_heavy,2048,256,256,P1,D1,464.4666680833325,58.14114588212368,470.98533099051565,58.14325804685188,58.14216421944473,15297.516132937744,377.9882690869272,14912.250385037623,True,True
phase3c-xpyd_feedback_2p2d_binary_energy_p95_r7b_257099-0301,both_heavy,2048,256,256,P1,D1,469.44289293605834,58.14286001556206,477.1440629847348,58.14406823905586,58.142817007633404,15303.88146394398,380.88176399469376,14914.765197900124,True,True
phase3c-xpyd_feedback_2p2d_binary_energy_p95_r7b_257099-0302,both_heavy,2048,256,256,P1,D1,468.1806700536981,58.14206663144789,475.8775600930676,58.143457780391266,58.14217257212994,15302.459294092841,379.7634349903092,14914.42054498475,True,True
phase3c-xpyd_feedback_2p2d_binary_energy_p95_r7b_257099-0303,both_heavy,2048,256,256,P1,D1,466.5649119997397,58.142545258662864,474.9378259293735,58.14383021172355,58.14271234523724,15301.61452991888,378.29477502964437,14914.40570994746,True,True
phase3c-xpyd_feedback_2p2d_binary_energy_p95_r7b_257099-0304,both_heavy,2048,256,256,P1,D1,470.2312368899584,58.14299950987904,477.4642700795084,58.14442254885958,58.14327987038768,15304.292020038702,381.6005929838866,14914.889307925478,True,True
phase3c-xpyd_feedback_2p2d_binary_energy_p95_r7b_257099-0305,both_heavy,2048,256,256,P1,D1,468.6578190885484,58.14291483896109,476.0621979366988,58.14412217678539,58.14296684739198,15302.813353016973,379.6351859346032,14915.249633020721,True,True
phase3c-xpyd_feedback_2p2d_binary_energy_p95_r7b_257099-0306,both_heavy,2048,256,256,P1,D1,468.7190219992772,58.14011789009194,476.37461707927287,58.14151996061864,58.14026909031193,15302.462207037024,380.16544200945646,14914.077744004317,True,True
phase3c-xpyd_feedback_2p2d_binary_energy_p95_r7b_257099-0307,both_heavy,2048,256,256,P1,D1,466.90779097843915,58.141480423692684,475.16520705539733,58.142732140863785,58.141627427026194,15301.561902975664,378.5885280231014,14914.196474011987,True,True
phase3c-xpyd_feedback_2p2d_binary_energy_p95_r7b_257099-0308,both_heavy,2048,256,256,P1,D1,464.1749879810959,58.14112638461166,471.32195404265076,58.14282242710903,58.14174184274367,15297.741672955453,374.5764660416171,14915.359486010857,True,True
phase3c-xpyd_feedback_2p2d_binary_energy_p95_r7b_257099-0309,both_heavy,2048,256,256,P1,D1,466.2812849273905,58.141185721729464,473.5812599537894,58.14335790974106,58.141278596047094,15300.13752693776,377.9810559935868,14914.073541061953,True,True
phase3c-xpyd_feedback_2p2d_binary_energy_p95_r7b_257099-0310,both_heavy,2048,256,256,P1,D1,466.6848590131849,58.141005384352276,472.7485009934753,58.142199482330504,58.141086639051196,15299.009368987754,378.35816596634686,14914.06648803968,True,True
phase3c-xpyd_feedback_2p2d_binary_energy_p95_r7b_257099-0311,both_heavy,2048,256,256,P1,D1,469.2527649458498,58.14186751787715,477.4483389919624,58.14321371361467,58.14206174109131,15303.967835963704,380.80076803453267,14914.414430968463,True,True
phase3c-xpyd_feedback_2p2d_binary_energy_p95_r7b_257099-0312,both_heavy,2048,256,256,P1,D1,468.00547500606626,58.140856568592,476.42419999465346,58.14207158434917,58.14094074097846,15302.652454003692,379.63563296943903,14914.080755086616,True,True
phase3c-xpyd_feedback_2p2d_binary_energy_p95_r7b_257099-0313,both_heavy,2048,256,256,P1,D1,470.62465199269354,58.14485189404485,477.737776003778,58.14596287467901,58.14482772941975,15304.958309046924,379.8134480603039,14917.535426910035,True,True
phase3c-xpyd_feedback_2p2d_binary_energy_p95_r7b_257099-0314,both_heavy,2048,256,256,P1,D1,468.4044630266726,58.138219717725676,475.38330499082804,58.13967874547576,58.13856480789243,15301.001385087147,379.6152110444382,14913.823066977784,True,True
phase3c-xpyd_feedback_2p2d_binary_energy_p95_r7b_257099-0315,both_heavy,2048,256,256,P1,D1,469.73994793370366,58.14285031793749,476.7301100073382,58.143895901922214,58.14264609761463,15303.423564997502,379.57643694244325,14916.372562060133,True,True
phase3c-xpyd_feedback_2p2d_binary_energy_p95_r7b_257099-0316,both_heavy,2048,256,256,P1,D1,465.2835529996082,58.14484135686036,472.9001149535179,58.14762021570156,58.14633046267737,15300.543269957416,375.3976639127359,14916.606468963437,True,True
phase3c-xpyd_feedback_2p2d_binary_energy_p95_r7b_257099-0317,both_heavy,2048,256,256,P1,D1,476.99137905146927,58.13916925496111,484.17825100477785,58.13992221967555,58.13880757264354,15309.858417022042,379.81861107982695,14922.385505982675,True,True
phase3c-xpyd_feedback_2p2d_binary_energy_p95_r7b_257099-0318,both_heavy,2048,256,256,P1,D1,471.7305670492351,58.14453356479313,480.32932996284217,58.145684003829956,58.14456192539165,15307.478750939481,381.9568430772051,14916.412258055061,True,True
phase3c-xpyd_feedback_2p2d_binary_energy_p95_r7b_257099-0319,both_heavy,2048,256,256,P1,D1,469.18544394429773,58.14283777658335,476.32847097702324,58.14421542363205,58.143082556917385,15303.103404003195,378.30050103366375,14917.085104971193,True,True
phase3c-xpyd_feedback_2p2d_binary_energy_p95_r7b_257099-0320,both_heavy,2048,256,256,P1,D1,465.603084070608,58.14157654896525,474.2760229855776,58.14276001936592,58.14161329785836,15300.679827923886,377.07875098567456,14914.412294048816,True,True
phase3c-xpyd_feedback_2p2d_binary_energy_p95_r7b_257099-0321,both_heavy,2048,256,256,P1,D1,469.18668400030583,58.1423191134544,476.46560496650636,58.1436636314417,58.1424092234788,15303.099830984138,380.89302892331034,14914.325352991,True,True
phase3c-xpyd_feedback_2p2d_binary_energy_p95_r7b_257099-0322,both_heavy,2048,256,256,P1,D1,466.9316029176116,58.14207302744263,474.8355259653181,58.14361301953813,58.14234989412202,15301.456845947541,378.73088801279664,14914.219460915774,True,True
phase3c-xpyd_feedback_2p2d_binary_energy_p95_r7b_257099-0323,both_heavy,2048,256,256,P1,D1,470.6739889224991,58.14452313763254,477.5156630203128,58.14577790990691,58.14465055306095,15304.689030046575,382.51801999285817,14914.792796014808,True,True
phase3c-xpyd_feedback_2p2d_binary_energy_p95_r7b_257099-0324,both_heavy,2048,256,256,P1,D1,467.6220250548795,58.14240378437235,474.8364060651511,58.14427394492953,58.14317894880386,15301.626262022182,379.31861099787056,14914.408970973454,True,True
phase3c-xpyd_feedback_2p2d_binary_energy_p95_r7b_257099-0325,both_heavy,2048,256,256,P1,D1,467.24357595667243,58.15275872181005,473.8250650698319,58.15390786658242,58.15269655283248,15303.07157104835,379.1246390901506,14916.867605992593,True,True
phase3c-xpyd_feedback_2p2d_binary_energy_p95_r7b_257099-0326,both_heavy,2048,256,256,P1,D1,468.0520910769701,58.142124787977366,474.33900902979076,58.1432055490201,58.14204555662239,15300.856424029917,379.1620690608397,14914.933044929057,True,True
phase3c-xpyd_feedback_2p2d_binary_energy_p95_r7b_257099-0327,both_heavy,2048,256,256,P1,D1,462.3521809699014,58.14331961549161,467.62146102264524,58.14457301178253,58.143453592178865,15294.48757902719,373.5938520403579,14915.08754901588,True,True
phase3c-xpyd_feedback_2p2d_binary_energy_p95_r7b_257099-0328,both_heavy,2048,256,256,P1,D1,479.7063679434359,58.141074137415224,487.2359869768843,58.14163227446888,58.14050969019459,15313.35221696645,379.92387905251235,14925.517981988378,True,True
phase3c-xpyd_feedback_2p2d_binary_energy_p95_r7b_257099-0329,both_heavy,2048,256,256,P1,D1,468.49043702241033,58.142303337123906,475.0516479834914,58.1432731256035,58.14214724289509,15301.586295012385,380.0487039843574,14914.506149012595,True,True
phase3c-xpyd_feedback_2p2d_binary_energy_p95_r7b_257099-0330,both_heavy,2048,256,256,P1,D1,467.4094310030341,58.143368984262146,474.6526420349255,58.14459651352509,58.143380152828556,15301.524752983823,378.96149896550924,14914.78893905878,True,True
phase3c-xpyd_feedback_2p2d_binary_energy_p95_r7b_257099-0331,both_heavy,2048,256,256,P1,D1,473.6668199766427,58.122200635261834,479.4535479741171,58.12333598048152,58.12219852563359,15300.904222996905,380.0083060050383,14914.587164996192,True,True
phase3c-xpyd_feedback_2p2d_binary_energy_p95_r7b_257099-0332,both_heavy,2048,256,256,P1,D1,471.12192399799824,58.14138616836977,477.39455197006464,58.14351387842394,58.14223381571983,15303.99059096817,382.76013697031885,14914.193917997181,True,True
phase3c-xpyd_feedback_2p2d_binary_energy_p95_r7b_257099-0333,both_heavy,2048,256,256,P1,D1,471.3652359787375,58.14311027061194,478.4644109895453,58.1441537253376,58.14303076077326,15305.223610950634,382.86112097557634,14914.784842985682,True,True
phase3c-xpyd_feedback_2p2d_binary_energy_p95_r7b_257099-0334,both_heavy,2048,256,256,P1,D1,471.0092020686716,58.14202426677095,479.1074179811403,58.14337238815485,58.14223630198588,15305.667376960628,382.4383900500834,14914.583817007951,True,True
phase3c-xpyd_feedback_2p2d_binary_energy_p95_r7b_257099-0335,both_heavy,2048,256,256,P1,D1,467.77803206350654,58.14194310976959,475.3092830069363,58.14318038048405,58.14194256467197,15301.82028003037,379.0571769932285,14914.689308963716,True,True
