unix_ts,workload_seq,target_freq_mhz,rx_bytes,tx_bytes,gpu_util_pct,gpu_power_w,gpu_sm_mhz,gpu_memory_used_mib,gpu_mem_util_pct,gpu_power_limit_w,gpu_mem_clock_mhz,gpu_temperature_c,gpu_memory_total_mib,gpu_pstate
1784880787.543981128,0,480,47535327580,41518487561,0, 31.92, 210, 0, 0, 350.00, 405, 25, 46068, P0
1784880788.124670409,0,480,47535363386,41518514953,0, 45.81, 480, 0, 0, 350.00, 9001, 26, 46068, P0
1784880788.710962578,0,480,47535363386,41518514953,0, 45.81, 480, 0, 0, 350.00, 9001, 26, 46068, P0
1784880789.293614543,0,480,47535422420,41518588278,0, 59.75, 480, 0, 0, 350.00, 9001, 26, 46068, P0
1784880789.877120534,0,480,47535650764,41518857314,0, 59.75, 480, 0, 0, 350.00, 9001, 26, 46068, P0
1784880790.459585197,0,480,47535650764,41518857314,0, 59.75, 480, 0, 0, 350.00, 9001, 26, 46068, P0
1784880791.042834748,0,480,47535848418,41519087540,0, 59.75, 480, 0, 0, 350.00, 9001, 26, 46068, P0
1784880791.623940638,0,480,47535848418,41519087540,0, 59.75, 480, 0, 0, 350.00, 9001, 26, 46068, P0
1784880792.206659136,0,480,47536068160,41519352178,0, 59.75, 480, 0, 0, 350.00, 9001, 26, 46068, P0
1784880792.787910574,0,480,47536068160,41519352178,0, 59.75, 480, 0, 0, 350.00, 9001, 26, 46068, P0
1784880793.369174535,0,480,47536374404,41519710770,0, 59.75, 480, 0, 0, 350.00, 9001, 26, 46068, P0
1784880793.949971911,0,480,47536881748,41520192858,0, 59.75, 480, 0, 0, 350.00, 9001, 26, 46068, P0
1784880794.531116819,0,480,47536881748,41520192858,0, 59.75, 480, 0, 0, 350.00, 9001, 26, 46068, P0
1784880795.110299562,0,480,47538516096,41521713756,0, 59.75, 480, 0, 0, 350.00, 9001, 26, 46068, P0
1784880795.691567690,0,480,47538516096,41521713756,0, 59.75, 480, 0, 0, 350.00, 9001, 26, 46068, P0
1784880796.271389147,0,480,47540179388,41523243864,0, 59.75, 480, 0, 0, 350.00, 9001, 26, 46068, P0
1784880796.852051372,0,480,47540179388,41523243864,0, 59.75, 480, 0, 0, 350.00, 9001, 26, 46068, P0
1784880797.434002980,0,480,47540670142,41523672404,0, 59.75, 480, 0, 0, 350.00, 9001, 27, 46068, P0
1784880798.017230142,0,480,47541223360,41524194850,0, 59.75, 480, 0, 0, 350.00, 9001, 27, 46068, P0
1784880798.598863486,0,480,47541223360,41524194850,0, 59.75, 480, 0, 0, 350.00, 9001, 27, 46068, P0
1784880799.180869213,0,480,47541797374,41524759574,0, 59.75, 480, 0, 0, 350.00, 9001, 27, 46068, P0
1784880799.763043175,0,480,47541797374,41524759574,0, 59.75, 480, 0, 0, 350.00, 9001, 27, 46068, P0
1784880800.344053355,0,480,47542432758,41525369460,0, 59.75, 480, 0, 0, 350.00, 9001, 27, 46068, P0
1784880800.927431223,0,480,47542432758,41525369460,0, 59.75, 480, 0, 0, 350.00, 9001, 27, 46068, P0
1784880801.508520924,0,480,47542730530,41525658548,0, 59.75, 480, 0, 0, 350.00, 9001, 27, 46068, P0
1784880802.089143483,0,480,47542730530,41525658548,0, 59.87, 480, 0, 0, 350.00, 9001, 27, 46068, P0
1784880802.671510792,0,480,47543690110,41526593590,0, 59.87, 480, 0, 0, 350.00, 9001, 27, 46068, P0
1784880803.251579969,0,480,47544549156,41527436086,0, 59.87, 480, 0, 0, 350.00, 9001, 27, 46068, P0
1784880803.824387601,0,480,47544549156,41527436086,0, 59.87, 480, 0, 0, 350.00, 9001, 27, 46068, P0
1784880804.418486810,0,480,47545339674,41528223298,0, 59.98, 480, 0, 0, 350.00, 9001, 27, 46068, P0
1784880804.999893184,0,480,47545339674,41528223298,0, 59.98, 480, 0, 0, 350.00, 9001, 27, 46068, P0
1784880805.583430355,0,480,47546146296,41529017168,0, 59.98, 480, 0, 0, 350.00, 9001, 27, 46068, P0
1784880806.164252101,0,480,47546146296,41529017168,0, 59.75, 480, 0, 0, 350.00, 9001, 27, 46068, P0
1784880806.745447795,0,480,47546502312,41529353741,0, 59.75, 480, 0, 0, 350.00, 9001, 27, 46068, P0
1784880807.327206263,0,480,47547129015,41529985374,0, 59.87, 480, 0, 0, 350.00, 9001, 27, 46068, P0
1784880807.911373100,0,480,47547129015,41529985374,0, 59.87, 480, 0, 0, 350.00, 9001, 27, 46068, P0
1784880808.490401508,0,480,47547314553,41530159994,0, 59.87, 480, 0, 0, 350.00, 9001, 27, 46068, P0
1784880809.074752551,0,480,47547314553,41530159994,0, 59.75, 480, 0, 0, 350.00, 9001, 27, 46068, P0
1784880809.657323701,0,480,47547748637,41530564708,0, 59.75, 480, 0, 0, 350.00, 9001, 27, 46068, P0
1784880810.238472475,0,480,47547748637,41530564708,0, 59.75, 480, 0, 0, 350.00, 9001, 27, 46068, P0
1784880810.826331408,0,480,47548123353,41530937068,0, 59.75, 480, 0, 0, 350.00, 9001, 27, 46068, P0
1784880811.408942386,0,480,47548358885,41531149444,0, 60.12, 480, 0, 0, 350.00, 9001, 27, 46068, P0
1784880811.990795932,0,480,47548358885,41531149444,0, 60.24, 480, 0, 0, 350.00, 9001, 27, 46068, P0
1784880812.571842542,0,480,47548757427,41531488798,0, 60.24, 480, 0, 0, 350.00, 9001, 27, 46068, P0
1784880813.154402373,0,480,47548757427,41531488798,0, 59.87, 480, 0, 0, 350.00, 9001, 27, 46068, P0
1784880813.738215880,0,480,47548997063,41531693552,0, 59.87, 480, 0, 0, 350.00, 9001, 27, 46068, P0
1784880814.321756955,0,480,47548997063,41531693552,0, 59.87, 480, 0, 0, 350.00, 9001, 27, 46068, P0
1784880814.903955256,0,480,47549274941,41531949048,0, 59.87, 480, 0, 0, 350.00, 9001, 27, 46068, P0
1784880815.486327874,0,480,47549282969,41531959858,0, 59.87, 480, 0, 0, 350.00, 9001, 27, 46068, P0
1784880816.068889380,0,480,47549282969,41531959858,0, 59.87, 480, 0, 0, 350.00, 9001, 27, 46068, P0
1784880816.649944889,0,480,47550111327,41532803206,0, 59.87, 480, 0, 0, 350.00, 9001, 27, 46068, P0
1784880817.231209301,0,480,47550111327,41532803206,0, 59.87, 480, 0, 0, 350.00, 9001, 27, 46068, P0
1784880817.814083389,0,480,47550956911,41533673886,0, 59.87, 480, 0, 0, 350.00, 9001, 27, 46068, P0
1784880818.392687319,0,480,47550956911,41533673886,0, 59.87, 480, 0, 0, 350.00, 9001, 27, 46068, P0
1784880818.960535042,0,480,47551578889,41534313452,0, 61.64, 480, 20, 0, 350.00, 9001, 27, 46068, P0
1784880819.625540473,0,480,47551985181,41534756716,0, 61.22, 480, 503, 0, 350.00, 9001, 27, 46068, P0
1784880820.207229630,0,480,47551985181,41534756716,0, 60.15, 480, 503, 0, 350.00, 9001, 27, 46068, P0
1784880820.789736619,0,480,47552616743,41535379822,1, 60.15, 480, 943, 0, 350.00, 9001, 27, 46068, P0
1784880821.369843167,0,480,47552616743,41535379822,0, 60.19, 480, 943, 0, 350.00, 9001, 27, 46068, P0
1784880821.949970085,0,480,47553109309,41535876750,0, 60.17, 480, 14425, 0, 350.00, 9001, 27, 46068, P0
1784880822.530975595,0,480,47553109309,41535876750,0, 60.22, 480, 14425, 0, 350.00, 9001, 27, 46068, P0
1784880823.113106745,0,480,47553466283,41536203732,10, 60.62, 480, 14425, 0, 350.00, 9001, 28, 46068, P0
1784880823.679520764,0,480,47553497493,41536226936,11, 61.04, 480, 14425, 0, 350.00, 9001, 28, 46068, P0
1784880824.270687404,0,480,47553497493,41536226936,10, 61.54, 480, 14425, 0, 350.00, 9001, 28, 46068, P0
1784880824.835149650,0,480,47553501555,41536243816,14, 61.35, 480, 14425, 1, 350.00, 9001, 28, 46068, P0
1784880825.410617523,0,480,47553501555,41536243816,10, 61.40, 480, 14425, 0, 350.00, 9001, 28, 46068, P0
1784880825.980410924,0,480,47553506237,41536259172,11, 61.28, 480, 14425, 0, 350.00, 9001, 28, 46068, P0
1784880826.548530102,0,480,47553506237,41536259172,9, 61.12, 480, 14425, 0, 350.00, 9001, 28, 46068, P0
1784880827.133497080,0,480,47553510197,41536274448,10, 61.11, 480, 14425, 0, 350.00, 9001, 28, 46068, P0
1784880827.707673511,0,480,47553510197,41536274448,11, 61.32, 480, 14425, 0, 350.00, 9001, 28, 46068, P0
1784880828.270392689,0,480,47553513151,41536286740,10, 61.40, 480, 14425, 0, 350.00, 9001, 28, 46068, P0
1784880828.831747488,0,480,47553516151,41536299194,1, 60.83, 480, 14425, 0, 350.00, 9001, 28, 46068, P0
1784880829.412600879,0,480,47553516151,41536299194,0, 60.31, 480, 14389, 0, 350.00, 9001, 28, 46068, P0
1784880829.994697319,0,480,47553521531,41536324800,100, 79.81, 480, 14917, 13, 350.00, 9001, 30, 46068, P0
1784880830.578919376,0,480,47553521531,41536324800,100, 115.20, 480, 14917, 12, 350.00, 9001, 29, 46068, P0
1784880831.166096815,0,480,47553525491,41536343078,0, 89.73, 480, 14919, 0, 350.00, 9001, 28, 46068, P0
1784880831.748099077,0,480,47553525491,41536343078,0, 60.31, 480, 14405, 0, 350.00, 9001, 28, 46068, P0
1784880832.331477282,0,480,47553528371,41536357528,0, 60.28, 480, 14405, 0, 350.00, 9001, 28, 46068, P0
1784880832.914035163,0,480,47553549911,41536390324,0, 60.28, 480, 14405, 0, 350.00, 9001, 28, 46068, P0
1784880833.497230968,0,480,47553549911,41536390324,0, 60.02, 480, 14405, 0, 350.00, 9001, 28, 46068, P0
1784880834.081366235,0,480,47553553751,41536410772,0, 60.02, 480, 14405, 0, 350.00, 9001, 28, 46068, P0
1784880834.664179027,0,480,47553553751,41536410772,0, 60.12, 480, 14405, 0, 350.00, 9001, 28, 46068, P0
1784880835.245905617,0,480,47553558197,41536428826,0, 60.12, 480, 14405, 0, 350.00, 9001, 28, 46068, P0
1784880835.829077381,0,480,47553558197,41536428826,0, 60.12, 480, 14405, 0, 350.00, 9001, 28, 46068, P0
1784880836.411157785,0,480,47553561011,41536436658,0, 60.10, 480, 14405, 0, 350.00, 9001, 28, 46068, P0
1784880836.993486772,0,480,47553564707,41536442274,0, 60.10, 480, 14405, 0, 350.00, 9001, 28, 46068, P0
1784880837.577758433,0,480,47553564707,41536442274,0, 60.10, 480, 14405, 0, 350.00, 9001, 28, 46068, P0
1784880838.161380598,0,480,47553569343,41536449602,0, 60.10, 480, 14405, 0, 350.00, 9001, 28, 46068, P0
1784880838.745992653,0,480,47553569343,41536449602,0, 59.99, 480, 14405, 0, 350.00, 9001, 28, 46068, P0
1784880839.329760090,0,480,47553572709,41536455304,0, 59.99, 480, 14405, 0, 350.00, 9001, 28, 46068, P0
1784880839.914040166,0,480,47553572709,41536455304,0, 59.99, 480, 14405, 0, 350.00, 9001, 28, 46068, P0
1784880840.498371170,0,480,47553575465,41536461146,0, 59.99, 480, 14405, 0, 350.00, 9001, 28, 46068, P0
1784880841.082287421,0,480,47553579227,41536469740,0, 59.99, 480, 14405, 0, 350.00, 9001, 28, 46068, P0
1784880841.665981322,0,480,47553579227,41536469740,0, 59.99, 480, 14405, 0, 350.00, 9001, 28, 46068, P0
1784880842.250956276,0,480,47553582041,41536476942,0, 59.99, 480, 14405, 0, 350.00, 9001, 28, 46068, P0
1784880842.835105256,0,480,47553582041,41536476942,0, 59.99, 480, 14405, 0, 350.00, 9001, 28, 46068, P0
1784880843.418222059,0,480,47553585115,41536484476,0, 59.99, 480, 14405, 0, 350.00, 9001, 28, 46068, P0
1784880844.001596791,0,480,47553585115,41536484476,0, 59.99, 480, 14405, 0, 350.00, 9001, 28, 46068, P0
1784880844.585821939,0,480,47553588955,41536495348,0, 59.99, 480, 14405, 0, 350.00, 9001, 28, 46068, P0
1784880845.171391387,0,480,47553592989,41536507040,0, 59.99, 480, 14405, 0, 350.00, 9001, 28, 46068, P0
1784880845.758395072,0,480,47553592989,41536507040,0, 60.92, 480, 14469, 0, 350.00, 9001, 28, 46068, P0
1784880846.848059219,0,480,47553595869,41536516492,4, 61.20, 480, 14469, 0, 350.00, 9001, 28, 46068, P0
1784880847.543746111,0,480,47553596949,41536519576,0, 64.24, 480, 37565, 0, 350.00, 9001, 28, 46068, P0
1784880848.129360101,0,480,47553596949,41536519576,0, 64.13, 480, 37565, 0, 350.00, 9001, 28, 46068, P0
1784880848.711187559,0,480,47553600859,41536531084,0, 64.11, 480, 37565, 0, 350.00, 9001, 28, 46068, P0
1784880849.293269310,0,480,47553726706,41536646094,0, 60.24, 480, 37565, 0, 350.00, 9001, 28, 46068, P0
1784880849.876397080,0,480,47553726706,41536646094,0, 60.24, 480, 37565, 0, 350.00, 9001, 28, 46068, P0
1784880850.455238000,0,480,47554440676,41537306490,0, 60.12, 480, 37565, 0, 350.00, 9001, 28, 46068, P0
1784880851.039347797,0,480,47554440676,41537306490,0, 60.12, 480, 37565, 0, 350.00, 9001, 28, 46068, P0
1784880851.624896839,0,480,47555075256,41537911006,0, 60.00, 480, 37565, 0, 350.00, 9001, 28, 46068, P0
1784880852.208247570,0,480,47555075256,41537911006,0, 60.00, 480, 37565, 0, 350.00, 9001, 28, 46068, P0
1784880852.791528678,0,480,47555167105,41538000018,0, 60.24, 480, 37565, 0, 350.00, 9001, 28, 46068, P0
1784880853.374405764,0,480,47555242220,41538078873,0, 60.24, 480, 37565, 0, 350.00, 9001, 28, 46068, P0
1784880853.957151942,0,480,47555242220,41538078873,0, 60.24, 480, 37565, 0, 350.00, 9001, 28, 46068, P0
1784880854.540384891,0,480,47555323898,41538181045,0, 60.00, 480, 37565, 0, 350.00, 9001, 28, 46068, P0
1784880855.122832018,0,480,47555323898,41538181045,0, 60.00, 480, 37565, 0, 350.00, 9001, 28, 46068, P0
1784880855.706621267,0,480,47555373987,41538233730,0, 60.00, 480, 37565, 0, 350.00, 9001, 28, 46068, P0
1784880856.288464816,0,480,47555373987,41538233730,0, 60.12, 480, 37565, 0, 350.00, 9001, 28, 46068, P0
1784880856.872963601,0,480,47555439778,41538303920,0, 60.12, 480, 37565, 0, 350.00, 9001, 28, 46068, P0
1784880857.455973797,0,480,47555446859,41538323792,23, 60.30, 480, 37585, 22, 350.00, 9001, 28, 46068, P0
1784880858.042394076,0,480,47555446859,41538323792,0, 60.47, 480, 37815, 0, 350.00, 9001, 28, 46068, P0
1784880858.626216021,0,480,47555569014,41540639756,0, 60.53, 480, 37815, 0, 350.00, 9001, 28, 46068, P0
1784880859.207152142,0,480,47555569014,41540639756,0, 60.53, 480, 37815, 0, 350.00, 9001, 28, 46068, P0
1784880859.790047512,0,480,47555573670,41540650028,0, 60.26, 480, 37815, 0, 350.00, 9001, 28, 46068, P0
1784880860.372469412,0,480,47555573670,41540650028,0, 60.26, 480, 37815, 0, 350.00, 9001, 28, 46068, P0
1784880860.954733083,0,480,47555578158,41540670572,0, 60.24, 480, 37815, 0, 350.00, 9001, 28, 46068, P0
1784880861.538284285,0,480,47555582178,41540677326,0, 60.24, 480, 37815, 0, 350.00, 9001, 28, 46068, P0
1784880862.119566657,0,480,47555582178,41540677326,0, 60.12, 480, 37815, 0, 350.00, 9001, 28, 46068, P0
1784880862.703481336,0,480,47555586210,41540685174,0, 60.12, 480, 37815, 0, 350.00, 9001, 28, 46068, P0
1784880863.286635470,0,480,47555586210,41540685174,0, 60.12, 480, 37815, 0, 350.00, 9001, 28, 46068, P0
1784880863.870602402,0,480,47555589336,41540691280,0, 60.12, 480, 37815, 0, 350.00, 9001, 28, 46068, P0
1784880864.452990656,0,480,47555589336,41540691280,0, 60.12, 480, 37815, 0, 350.00, 9001, 28, 46068, P0
1784880865.037160208,0,480,47555592844,41540698374,0, 59.99, 480, 37815, 0, 350.00, 9001, 28, 46068, P0
1784880865.619248561,0,480,47555597622,41540710156,0, 60.12, 480, 37815, 0, 350.00, 9001, 28, 46068, P0
1784880866.203866058,0,480,47555597622,41540710156,0, 60.12, 480, 37815, 0, 350.00, 9001, 28, 46068, P0
1784880866.787086901,0,480,47555600826,41540718086,0, 60.24, 480, 37815, 0, 350.00, 9001, 28, 46068, P0
1784880867.369314790,0,480,47555600826,41540718086,0, 60.24, 480, 37815, 0, 350.00, 9001, 28, 46068, P0
1784880867.953345012,0,480,47555606318,41540729968,0, 60.24, 480, 37815, 0, 350.00, 9001, 28, 46068, P0
1784880868.541244242,0,480,47555606318,41540729968,0, 60.24, 480, 37815, 0, 350.00, 9001, 28, 46068, P0
1784880869.125425290,0,480,47555611606,41540743289,0, 60.24, 480, 37815, 0, 350.00, 9001, 28, 46068, P0
1784880869.710257210,0,480,47555616360,41540754626,0, 60.24, 480, 37815, 0, 350.00, 9001, 28, 46068, P0
1784880870.293325213,0,480,47555616360,41540754626,0, 60.12, 480, 37815, 0, 350.00, 9001, 28, 46068, P0
1784880873.171811348,0,480,47555618598,41540759237,0, 60.24, 480, 37815, 0, 350.00, 9001, 28, 46068, P0
1784880873.753838667,0,480,47555618598,41540759237,0, 60.24, 480, 37815, 0, 350.00, 9001, 28, 46068, P0
1784880874.336038307,0,480,47555620962,41540766719,0, 60.24, 480, 37815, 0, 350.00, 9001, 28, 46068, P0
1784880874.919569428,0,480,47555671414,41540809267,0, 60.12, 480, 37815, 0, 350.00, 9001, 29, 46068, P0
1784880875.504348138,0,480,47555671414,41540809267,0, 60.12, 480, 37815, 0, 350.00, 9001, 29, 46068, P0
1784880876.087273494,0,480,47555807200,41540944729,0, 60.12, 480, 37815, 0, 350.00, 9001, 29, 46068, P0
1784880876.670038763,0,480,47555807200,41540944729,0, 60.24, 480, 37815, 0, 350.00, 9001, 29, 46068, P0
1784880877.253231918,0,480,47556055678,41541193379,0, 60.24, 480, 37815, 0, 350.00, 9001, 29, 46068, P0
1784880877.837385934,0,480,47556055678,41541193379,0, 60.25, 480, 37815, 0, 350.00, 9001, 29, 46068, P0
1784880878.422448205,0,480,47556342642,41541471764,0, 60.10, 480, 37815, 0, 350.00, 9001, 29, 46068, P0
1784880879.667437794,0,480,47556493152,41541632582,0, 60.06, 480, 37815, 0, 350.00, 9001, 29, 46068, P0
1784880880.252007269,0,480,47557592746,41541641880,0, 60.06, 480, 37815, 0, 350.00, 9001, 29, 46068, P0
1784880880.845697141,0,480,47557592746,41541641880,0, 60.16, 480, 37815, 0, 350.00, 9001, 29, 46068, P0
1784880881.427988456,0,480,47557594030,41541646973,0, 60.16, 480, 37815, 0, 350.00, 9001, 29, 46068, P0
1784880882.011336663,0,480,47557596328,41541657017,0, 60.16, 480, 37815, 0, 350.00, 9001, 29, 46068, P0
1784880882.594009681,0,480,47557596328,41541657017,0, 60.16, 480, 37815, 0, 350.00, 9001, 29, 46068, P0
1784880883.176653494,0,480,47557598506,41541667543,0, 60.28, 480, 37815, 0, 350.00, 9001, 29, 46068, P0
1784880883.764885563,0,480,47557598506,41541667543,0, 60.28, 480, 37815, 0, 350.00, 9001, 29, 46068, P0
1784880884.348468915,0,480,47557600804,41541674388,0, 60.28, 480, 37815, 0, 350.00, 9001, 29, 46068, P0
1784880884.931618883,0,480,47557600804,41541674388,0, 60.18, 480, 37815, 0, 350.00, 9001, 29, 46068, P0
1784880885.517976042,0,480,47557603272,41541680995,0, 60.18, 480, 37815, 0, 350.00, 9001, 29, 46068, P0
1784880886.101519372,0,480,47557895075,41541698685,0, 60.22, 480, 37815, 0, 350.00, 9001, 29, 46068, P0
1784880886.686374943,0,480,47557895075,41541698685,0, 60.24, 480, 37815, 0, 350.00, 9001, 29, 46068, P0
1784880887.269211257,0,480,47557897187,41541702342,0, 60.24, 480, 37815, 0, 350.00, 9001, 29, 46068, P0
1784880887.853475734,1,480,47557897187,41541702342,0, 60.24, 480, 37815, 0, 350.00, 9001, 29, 46068, P0
1784880888.443492382,1,480,47557898459,41541704390,0, 60.24, 480, 37815, 0, 350.00, 9001, 29, 46068, P0
1784880889.034713384,1,480,47557898459,41541704390,0, 60.12, 480, 37815, 0, 350.00, 9001, 29, 46068, P0
1784880889.619994313,1,480,47557915373,41541722713,0, 60.12, 480, 37815, 0, 350.00, 9001, 29, 46068, P0
1784880890.203445137,1,480,47557964735,41541766862,2, 60.56, 480, 38412, 0, 350.00, 9001, 29, 46068, P0
1784880890.789674992,1,480,47557964735,41541766862,99, 93.26, 480, 38412, 3, 350.00, 9001, 32, 46068, P0
1784880891.374278043,1,480,47558005849,41541809322,99, 120.51, 480, 38412, 3, 350.00, 9001, 32, 46068, P0
1784880891.961931276,1,480,47558005849,41541809322,98, 120.66, 480, 38412, 3, 350.00, 9001, 32, 46068, P0
1784880892.545169353,1,480,47558008147,41541814648,17, 90.55, 480, 37815, 1, 350.00, 9001, 29, 46068, P0
1784880893.129859859,1,480,47558008147,41541814648,0, 61.47, 480, 37815, 0, 350.00, 9001, 29, 46068, P0
1784880893.713308843,1,480,47558011469,41541823325,0, 61.47, 480, 37815, 0, 350.00, 9001, 29, 46068, P0
1784880894.298217742,1,480,47558024605,41541841045,0, 61.47, 480, 37815, 0, 350.00, 9001, 29, 46068, P0
1784880894.880018036,1,480,47558024605,41541841045,0, 60.26, 480, 37815, 0, 350.00, 9001, 29, 46068, P0
1784880895.463345738,1,480,47558026969,41541847970,0, 60.26, 480, 37815, 0, 350.00, 9001, 29, 46068, P0
1784880896.047014476,1,480,47558026969,41541847970,0, 60.24, 480, 37815, 0, 350.00, 9001, 29, 46068, P0
1784880896.630964766,1,480,47558029159,41541855302,0, 60.24, 480, 37815, 0, 350.00, 9001, 29, 46068, P0
1784880897.215853332,1,480,47558029159,41541855302,0, 60.24, 480, 37815, 0, 350.00, 9001, 29, 46068, P0
1784880897.800294195,1,480,47558030563,41541859192,0, 60.24, 480, 37815, 0, 350.00, 9001, 29, 46068, P0
1784880898.383444420,1,480,47558032873,41541867223,0, 60.24, 480, 37815, 0, 350.00, 9001, 29, 46068, P0
1784880898.968556648,1,480,47558032873,41541867223,0, 60.24, 480, 37815, 0, 350.00, 9001, 29, 46068, P0
1784880899.552752868,1,480,47558035171,41541875605,0, 60.24, 480, 37815, 0, 350.00, 9001, 29, 46068, P0
1784880900.135984963,1,480,47558035171,41541875605,0, 60.24, 480, 37815, 0, 350.00, 9001, 29, 46068, P0
1784880900.718168143,1,480,47558037349,41541884403,0, 60.24, 480, 37815, 0, 350.00, 9001, 29, 46068, P0
1784880901.303199620,1,480,47558037349,41541884403,0, 60.24, 480, 37815, 0, 350.00, 9001, 29, 46068, P0
1784880901.886942224,1,480,47558038753,41541889218,0, 60.24, 480, 37815, 0, 350.00, 9001, 29, 46068, P0
1784880902.469037546,1,480,47558040931,41541898640,0, 60.24, 480, 37815, 0, 350.00, 9001, 29, 46068, P0
1784880903.053460542,1,480,47558040931,41541898640,0, 60.37, 480, 37815, 0, 350.00, 9001, 29, 46068, P0
1784880903.637450009,1,480,47558043229,41541908412,0, 60.36, 480, 37815, 0, 350.00, 9001, 29, 46068, P0
1784880904.219134120,1,480,47558043229,41541908412,0, 60.36, 480, 37815, 0, 350.00, 9001, 29, 46068, P0
1784880904.803187528,1,480,47558044513,41541913747,0, 60.24, 480, 37815, 0, 350.00, 9001, 29, 46068, P0
1784880905.387197512,1,480,47558044513,41541913747,0, 60.24, 480, 37815, 0, 350.00, 9001, 29, 46068, P0
1784880905.971902400,1,480,47558046811,41541924209,0, 60.24, 480, 37815, 0, 350.00, 9001, 29, 46068, P0
1784880906.555789727,1,480,47558046811,41541924209,0, 60.24, 480, 37815, 0, 350.00, 9001, 29, 46068, P0
1784880907.139411315,1,480,47558048923,41541930859,0, 60.24, 480, 37815, 0, 350.00, 9001, 29, 46068, P0
1784880907.721485127,1,480,47558051155,41541933828,0, 60.24, 480, 37815, 0, 350.00, 9001, 29, 46068, P0
1784880908.305269429,1,480,47558051155,41541933828,0, 64.07, 480, 37817, 0, 350.00, 9001, 29, 46068, P0
1784880908.888835717,1,480,47558072947,41546341988,0, 65.60, 480, 37817, 0, 350.00, 9001, 29, 46068, P0
1784880909.470475106,1,480,47558072947,41546341988,0, 60.83, 480, 37817, 0, 350.00, 9001, 29, 46068, P0
1784880910.054113522,1,480,47558075749,41546345884,0, 60.29, 480, 37817, 0, 350.00, 9001, 29, 46068, P0
1784880910.637472561,1,480,47558075749,41546345884,0, 60.29, 480, 37817, 0, 350.00, 9001, 29, 46068, P0
1784880911.220291652,1,480,47558077861,41546349893,0, 66.19, 480, 37817, 0, 350.00, 9001, 29, 46068, P0
1784880911.804287688,1,480,47558095749,41550756597,0, 60.90, 480, 37817, 0, 350.00, 9001, 30, 46068, P0
1784880912.386877433,1,480,47558095749,41550756597,0, 60.90, 480, 37817, 0, 350.00, 9001, 29, 46068, P0
1784880912.970218935,1,480,47558113981,41555163334,0, 63.04, 480, 37817, 0, 350.00, 9001, 29, 46068, P0
1784880913.552637607,1,480,47558113981,41555163334,0, 69.74, 480, 37817, 0, 350.00, 9001, 29, 46068, P0
1784880914.137691709,1,480,47558148621,41563972920,0, 67.64, 480, 37817, 0, 350.00, 9001, 29, 46068, P0
1784880914.721642537,1,480,47558148621,41563972920,0, 64.36, 480, 37817, 0, 350.00, 9001, 29, 46068, P0
1784880915.303478550,1,480,47558166556,41568380686,0, 70.79, 480, 37817, 0, 350.00, 9001, 29, 46068, P0
1784880915.887422604,1,480,47558200173,41577188175,0, 67.37, 480, 37817, 0, 350.00, 9001, 29, 46068, P0
1784880916.470930899,1,480,47558200173,41577188175,0, 67.40, 480, 37817, 0, 350.00, 9001, 29, 46068, P0
1784880917.054382461,1,480,47558202911,41577197654,0, 71.83, 480, 37817, 0, 350.00, 9001, 29, 46068, P0
1784880917.638894722,1,480,47558202911,41577197654,0, 68.30, 480, 37817, 0, 350.00, 9001, 29, 46068, P0
1784880918.222033011,1,480,47558221240,41581606395,0, 67.44, 480, 37817, 0, 350.00, 9001, 29, 46068, P0
1784880918.805440458,1,480,47558221240,41581606395,0, 60.49, 480, 37817, 0, 350.00, 9001, 29, 46068, P0
1784880919.388026667,1,480,47558222776,41581610249,0, 60.49, 480, 37817, 0, 350.00, 9001, 29, 46068, P0
1784880919.972085098,1,480,47558225140,41581617444,0, 62.81, 480, 37817, 0, 350.00, 9001, 29, 46068, P0
1784880920.557269616,1,480,47558225140,41581617444,0, 63.39, 480, 37817, 0, 350.00, 9001, 29, 46068, P0
1784880921.140140231,1,480,47558259382,41590429460,0, 62.61, 480, 37817, 0, 350.00, 9001, 29, 46068, P0
1784880921.722995244,1,480,47558259382,41590429460,0, 66.63, 480, 37817, 0, 350.00, 9001, 29, 46068, P0
1784880922.306790665,1,480,47558262174,41590441124,0, 68.77, 480, 37817, 0, 350.00, 9001, 29, 46068, P0
1784880922.891348849,1,480,47558262174,41590441124,0, 63.36, 480, 37817, 0, 350.00, 9001, 29, 46068, P0
1784880923.475732650,1,480,47558295628,41599249926,0, 63.40, 480, 37817, 0, 350.00, 9001, 29, 46068, P0
1784880924.058188333,1,480,47558300214,41599260893,0, 60.27, 480, 37817, 0, 350.00, 9001, 29, 46068, P0
1784880924.641674715,1,480,47558300214,41599260893,0, 60.27, 480, 37817, 0, 350.00, 9001, 29, 46068, P0
1784880925.225211610,1,480,47558302762,41599270027,0, 60.24, 480, 37817, 0, 350.00, 9001, 29, 46068, P0
1784880925.808089672,2,210,47558302762,41599270027,0, 60.24, 480, 37817, 0, 350.00, 9001, 29, 46068, P0
1784880926.402087191,2,210,47558304650,41599275369,0, 59.76, 210, 37817, 0, 350.00, 9001, 29, 46068, P0
1784880926.994400362,2,210,47558304650,41599275369,0, 59.76, 210, 37817, 0, 350.00, 9001, 29, 46068, P0
1784880927.578616083,2,210,47558319588,41599301173,0, 59.51, 210, 37817, 0, 350.00, 9001, 29, 46068, P0
1784880928.169663142,2,210,47558371076,41599352071,5, 59.78, 210, 38382, 0, 350.00, 9001, 29, 46068, P0
1784880928.753635127,2,210,47558371076,41599352071,100, 68.12, 210, 38414, 2, 350.00, 9001, 30, 46068, P0
1784880929.339072938,2,210,47559180996,41600233609,100, 88.12, 210, 38414, 2, 350.00, 9001, 30, 46068, P0
1784880929.922982308,2,210,47559180996,41600233609,100, 88.20, 210, 38414, 2, 350.00, 9001, 31, 46068, P0
1784880930.501882009,2,210,47559182400,41600239452,0, 75.34, 210, 37817, 0, 350.00, 9001, 29, 46068, P0
1784880931.134984522,2,210,47559182400,41600245080,0, 59.71, 210, 37817, 0, 350.00, 9001, 29, 46068, P0
1784880931.719482599,2,210,47559185524,41600245080,0, 59.69, 210, 37817, 0, 350.00, 9001, 29, 46068, P0
1784880932.303573026,2,210,47559198854,41600258460,0, 59.69, 210, 37817, 0, 350.00, 9001, 29, 46068, P0
1784880932.887467111,2,210,47559198854,41600258460,0, 59.29, 210, 37817, 0, 350.00, 9001, 29, 46068, P0
1784880933.471918857,2,210,47559200072,41600260467,0, 59.29, 210, 37817, 0, 350.00, 9001, 29, 46068, P0
1784880934.058798034,2,210,47559200072,41600260467,0, 59.39, 210, 37817, 0, 350.00, 9001, 29, 46068, P0
1784880934.643704610,2,210,47559202172,41600264273,0, 59.51, 210, 37817, 0, 350.00, 9001, 29, 46068, P0
1784880935.228846998,2,210,47559202172,41600269561,0, 59.51, 210, 37817, 0, 350.00, 9001, 29, 46068, P0
1784880935.811755528,2,210,47559205490,41600269561,0, 59.51, 210, 37817, 0, 350.00, 9001, 29, 46068, P0
1784880936.394164792,2,210,47559206828,41600272088,0, 59.51, 210, 37817, 0, 350.00, 9001, 29, 46068, P0
1784880936.978851968,2,210,47559206828,41600272088,0, 59.39, 210, 37817, 0, 350.00, 9001, 29, 46068, P0
1784880937.562733695,2,210,47559211732,41600286814,0, 59.26, 210, 37817, 0, 350.00, 9001, 29, 46068, P0
1784880938.146431019,2,210,47559211732,41600286814,0, 59.26, 210, 37817, 0, 350.00, 9001, 29, 46068, P0
1784880938.729962692,2,210,47559213976,41600292689,0, 59.39, 210, 37817, 0, 350.00, 9001, 29, 46068, P0
1784880939.314074314,2,210,47559213976,41600292689,0, 59.39, 210, 37817, 0, 350.00, 9001, 29, 46068, P0
