endpoint_id,schedule_index,scheduled_monotonic_s,actual_start_wall_s,actual_finish_wall_s,scrape_latency_s,missed,error
D0,0,186996.227820848,1788008636.6988504,1788008636.8409634,0.14211449099821039,False,
D1,0,186996.227820848,1788008636.6995747,1788008636.8488019,0.14922775700688362,False,
P0,0,186996.227820848,1788008636.70056,1788008636.8519604,0.1514010629907716,False,
P1,0,186996.227820848,1788008636.701326,1788008636.8452368,0.14391177700599656,False,
D0,1,186997.227820848,1788008637.6992798,1788008637.8393424,0.14006250601960346,False,
D1,1,186997.227820848,1788008637.698653,1788008637.8521464,0.15349327700096183,False,
P0,1,186997.227820848,1788008637.7004097,1788008637.8487167,0.14830713800620288,False,
P1,1,186997.227820848,1788008637.6998713,1788008637.8447196,0.14484841402736492,False,
D0,2,186998.227820848,1788008638.7006993,1788008638.7930832,0.0923845240031369,False,
D1,2,186998.227820848,1788008638.698636,1788008638.8571463,0.15851038598339073,False,
P0,2,186998.227820848,1788008638.6992817,1788008638.8533125,0.15403069902095012,False,
P1,2,186998.227820848,1788008638.699806,1788008638.8603015,0.16049552799086086,False,
D0,3,186999.227820848,1788008639.7000306,1788008639.836179,0.1361488879774697,False,
D1,3,186999.227820848,1788008639.7008743,1788008639.840006,0.13913182402029634,False,
P0,3,186999.227820848,1788008639.6992912,1788008639.8442073,0.14491612499114126,False,
P1,3,186999.227820848,1788008639.6986537,1788008639.819871,0.1212168789934367,False,
D0,4,187000.227820848,1788008640.6992135,1788008640.7617495,0.06253495201235637,False,
D1,4,187000.227820848,1788008640.701984,1788008640.8465388,0.1445544119924307,False,
P0,4,187000.227820848,1788008640.6986444,1788008640.8504665,0.15182192501379177,False,
P1,4,187000.227820848,1788008640.6997674,1788008640.8538241,0.15405662599368952,False,
D0,5,187001.227820848,1788008641.6986187,1788008641.7545404,0.05592172098113224,False,
D1,5,187001.227820848,1788008641.6991568,1788008641.8549244,0.1557680660043843,False,
P0,5,187001.227820848,1788008641.7007055,1788008641.8510768,0.15037132799625397,False,
P1,5,187001.227820848,1788008641.700111,1788008641.846515,0.14640412299195305,False,
D0,6,187002.227820848,1788008642.698611,1788008642.8130088,0.11439899099059403,False,
D1,6,187002.227820848,1788008642.6991036,1788008642.8299665,0.13086304199532606,False,
P0,6,187002.227820848,1788008642.7000945,1788008642.8342187,0.13412436700309627,False,
P1,6,187002.227820848,1788008642.7011049,1788008642.838189,0.13708365897764452,False,
D0,7,187003.227820848,1788008643.699291,1788008643.751446,0.05215385797782801,False,
D1,7,187003.227820848,1788008643.6998756,1788008643.8161614,0.11628469900460914,False,
P0,7,187003.227820848,1788008643.698702,1788008643.7857623,0.0870605300005991,False,
P1,7,187003.227820848,1788008643.7004776,1788008643.8123794,0.11190181600977667,False,
D0,8,187004.227820848,1788008644.700157,1788008644.8067238,0.10656613699393347,False,
D1,8,187004.227820848,1788008644.698636,1788008644.835704,0.1370671069889795,False,
P0,8,187004.227820848,1788008644.6992939,1788008644.8300297,0.13073558098403737,False,
P1,8,187004.227820848,1788008644.701121,1788008644.8330715,0.13194894598564133,False,
D0,9,187005.227820848,1788008645.700318,1788008645.8644848,0.16416640201350674,False,
D1,9,187005.227820848,1788008645.6986332,1788008645.8566933,0.15805982099846005,False,
P0,9,187005.227820848,1788008645.6997821,1788008645.860796,0.1610137669777032,False,
P1,9,187005.227820848,1788008645.6992228,1788008645.8491719,0.1499496699834708,False,
D0,10,187006.227820848,1788008646.7008662,1788008646.8486333,0.14776691899169236,False,
D1,10,187006.227820848,1788008646.6992068,1788008646.831394,0.1321869250095915,False,
P0,10,187006.227820848,1788008646.6986356,1788008646.843897,0.14526152101461776,False,
P1,10,187006.227820848,1788008646.69975,1788008646.852876,0.15312564000487328,False,
D0,11,187007.227820848,1788008647.7001681,1788008647.858966,0.15879758200026117,False,
D1,11,187007.227820848,1788008647.700954,1788008647.8522837,0.1513296919874847,False,
P0,11,187007.227820848,1788008647.6991696,1788008647.855956,0.15678609101451002,False,
P1,11,187007.227820848,1788008647.6986313,1788008647.8483841,0.14975384902209044,False,
D0,12,187008.227820848,1788008648.7002883,1788008648.8647828,0.16449467799975537,False,
D1,12,187008.227820848,1788008648.6992376,1788008648.861525,0.16228723301901482,False,
P0,12,187008.227820848,1788008648.6986372,1788008648.8576007,0.1589638089935761,False,
P1,12,187008.227820848,1788008648.700886,1788008648.8682888,0.16740264699910767,False,
D0,13,187009.227820848,1788008649.6992042,1788008649.864289,0.1650854040053673,False,
D1,13,187009.227820848,1788008649.698637,1788008649.813889,0.11525250499835238,False,
P0,13,187009.227820848,1788008649.7007575,1788008649.8592567,0.15849920501932502,False,
P1,13,187009.227820848,1788008649.7001803,1788008649.8405364,0.14035608401172794,False,
D0,14,187010.227820848,1788008650.6992197,1788008650.8622074,0.16298776102485135,False,
D1,14,187010.227820848,1788008650.6986394,1788008650.8665624,0.16792297002393752,False,
P0,14,187010.227820848,1788008650.7001407,1788008650.8507373,0.150596573977964,False,
P1,14,187010.227820848,1788008650.7008142,1788008650.8704743,0.16965949899167754,False,
D0,15,187011.227820848,1788008651.6997037,1788008651.8464112,0.14670768499490805,False,
D1,15,187011.227820848,1788008651.6986547,1788008651.8017209,0.10306636200402863,False,
P0,15,187011.227820848,1788008651.7003257,1788008651.8508232,0.15049712502514012,False,
P1,15,187011.227820848,1788008651.6991756,1788008651.8545966,0.1554210429894738,False,
D0,16,187012.227820848,1788008652.6992102,1788008652.861195,0.16198448700015433,False,
D1,16,187012.227820848,1788008652.6986446,1788008652.793992,0.0953475100104697,False,
P0,16,187012.227820848,1788008652.6997445,1788008652.8417373,0.14199252901016735,False,
P1,16,187012.227820848,1788008652.7003517,1788008652.8567703,0.1564182469737716,False,
D0,17,187013.227820848,1788008653.6992161,1788008653.8374293,0.13821376499254256,False,
D1,17,187013.227820848,1788008653.6986394,1788008653.8447065,0.14606723102042452,False,
P0,17,187013.227820848,1788008653.7001405,1788008653.8521466,0.15200610298779793,False,
P1,17,187013.227820848,1788008653.7007813,1788008653.8484921,0.1477106589882169,False,
D0,18,187014.227820848,1788008654.700359,1788008654.8286452,0.12828582501970232,False,
D1,18,187014.227820848,1788008654.698641,1788008654.8360445,0.1374035670014564,False,
P0,18,187014.227820848,1788008654.6992047,1788008654.7878897,0.0886851690011099,False,
P1,18,187014.227820848,1788008654.699773,1788008654.8395529,0.13977925101062283,False,
D0,19,187015.227820848,1788008655.699259,1788008655.8487267,0.1494668640079908,False,
D1,19,187015.227820848,1788008655.700289,1788008655.844793,0.14450389999547042,False,
P0,19,187015.227820848,1788008655.7011116,1788008655.8332756,0.13216426799772307,False,
P1,19,187015.227820848,1788008655.6987233,1788008655.803742,0.10501902899704874,False,
D0,20,187016.227820848,1788008656.699155,1788008656.8539171,0.1547624620143324,False,
D1,20,187016.227820848,1788008656.6986306,1788008656.8454225,0.14679205598076805,False,
P0,20,187016.227820848,1788008656.7001896,1788008656.8215854,0.12139576999470592,False,
P1,20,187016.227820848,1788008656.6996808,1788008656.850189,0.15050821399199776,False,
D0,21,187017.227820848,1788008657.6992183,1788008657.8505864,0.15136847298708744,False,
D1,21,187017.227820848,1788008657.6986372,1788008657.788365,0.08972796000307426,False,
P0,21,187017.227820848,1788008657.700304,1788008657.8412516,0.14094733400270343,False,
P1,21,187017.227820848,1788008657.699771,1788008657.8463938,0.14662299101473764,False,
D0,22,187018.227820848,1788008658.7002869,1788008658.7790608,0.07877390898647718,False,
D1,22,187018.227820848,1788008658.698643,1788008658.8408563,0.14221352600725368,False,
P0,22,187018.227820848,1788008658.6992037,1788008658.8507562,0.15155199699802324,False,
P1,22,187018.227820848,1788008658.6997511,1788008658.8460321,0.14628031599568203,False,
D0,23,187019.227820848,1788008659.6991286,1788008659.8423433,0.14321495301555842,False,
D1,23,187019.227820848,1788008659.700263,1788008659.8495946,0.14933154798927717,False,
P0,23,187019.227820848,1788008659.6986275,1788008659.857037,0.15840953300357796,False,
P1,23,187019.227820848,1788008659.701235,1788008659.846536,0.14530070702312514,False,
D0,24,187020.227820848,1788008660.699123,1788008660.8616028,0.16247988500981592,False,
D1,24,187020.227820848,1788008660.6986213,1788008660.8569567,0.15833560397732072,False,
P0,24,187020.227820848,1788008660.699987,1788008660.8694541,0.16946701300912537,False,
P1,24,187020.227820848,1788008660.7005548,1788008660.8658123,0.1652578340144828,False,
D0,25,187021.227820848,1788008661.70022,1788008661.8505528,0.15033259100164287,False,
D1,25,187021.227820848,1788008661.6986144,1788008661.8298,0.13118574098916724,False,
P0,25,187021.227820848,1788008661.6991231,1788008661.8474605,0.1483373070077505,False,
P1,25,187021.227820848,1788008661.6995904,1788008661.8441937,0.1446029799990356,False,
D0,26,187022.227820848,1788008662.6991155,1788008662.8439553,0.14483975598705,False,
D1,26,187022.227820848,1788008662.6986177,1788008662.8203938,0.12177610001526773,False,
P0,26,187022.227820848,1788008662.6995792,1788008662.8392737,0.1396943120053038,False,
P1,26,187022.227820848,1788008662.7004445,1788008662.8342843,0.1338395990023855,False,
D0,27,187023.227820848,1788008663.7005644,1788008663.8580842,0.15751920497859828,False,
D1,27,187023.227820848,1788008663.6991,1788008663.8544002,0.15530000301077962,False,
P0,27,187023.227820848,1788008663.6986215,1788008663.8504333,0.15181182799278758,False,
P1,27,187023.227820848,1788008663.7000978,1788008663.831691,0.13159347500186414,False,
D0,28,187024.227820848,1788008664.6992083,1788008664.8389437,0.13973565999185666,False,
D1,28,187024.227820848,1788008664.698617,1788008664.8178406,0.11922349099768326,False,
P0,28,187024.227820848,1788008664.7002692,1788008664.8341358,0.1338664909999352,False,
P1,28,187024.227820848,1788008664.6996932,1788008664.8429341,0.14324058798956685,False,
D0,29,187025.227820848,1788008665.7005737,1788008665.8442748,0.14370093701290898,False,
D1,29,187025.227820848,1788008665.699121,1788008665.7893012,0.0901803050073795,False,
P0,29,187025.227820848,1788008665.7010605,1788008665.848388,0.14732715699938126,False,
P1,29,187025.227820848,1788008665.6986163,1788008665.8148482,0.11623188797966577,False,
D0,30,187026.227820848,1788008666.6991386,1788008666.8548188,0.15567965598893352,False,
D1,30,187026.227820848,1788008666.6997206,1788008666.863997,0.16427604801720008,False,
P0,30,187026.227820848,1788008666.698636,1788008666.8611271,0.16249125698232092,False,
P1,30,187026.227820848,1788008666.7014802,1788008666.8581161,0.156636030995287,False,
D0,31,187027.227820848,1788008667.6995716,1788008667.8532147,0.1536427749961149,False,
D1,31,187027.227820848,1788008667.6986196,1788008667.8412108,0.14259173002210446,False,
P0,31,187027.227820848,1788008667.7006507,1788008667.8564172,0.1557665019936394,False,
P1,31,187027.227820848,1788008667.6991029,1788008667.8501048,0.15100165898911655,False,
D0,32,187028.227820848,1788008668.70038,1788008668.8484757,0.14809498499380425,False,
D1,32,187028.227820848,1788008668.699866,1788008668.851128,0.15126185398548841,False,
P0,32,187028.227820848,1788008668.698638,1788008668.8446934,0.14605522199417464,False,
P1,32,187028.227820848,1788008668.6991377,1788008668.8340611,0.13492315300391056,False,
D0,33,187029.227820848,1788008669.700362,1788008669.7969823,0.09661989100277424,False,
D1,33,187029.227820848,1788008669.699113,1788008669.7992785,0.1001655199797824,False,
P0,33,187029.227820848,1788008669.6986167,1788008669.7875397,0.08892286900663748,False,
P1,33,187029.227820848,1788008669.6996334,1788008669.7937636,0.09412990699638613,False,
D0,34,187030.227820848,1788008670.6999333,1788008670.8025296,0.10259631200460717,False,
D1,34,187030.227820848,1788008670.698616,1788008670.819148,0.12053196498891339,False,
P0,34,187030.227820848,1788008670.6991222,1788008670.8163412,0.11721900198608637,False,
P1,34,187030.227820848,1788008670.7003698,1788008670.8130908,0.11272080399794504,False,
D0,35,187031.227820848,1788008671.7000537,1788008671.8603597,0.16030591301387176,False,
D1,35,187031.227820848,1788008671.69863,1788008671.8518882,0.15325788600603119,False,
P0,35,187031.227820848,1788008671.6991498,1788008671.8578596,0.1587099359894637,False,
P1,35,187031.227820848,1788008671.6996253,1788008671.8551419,0.15551613201387227,False,
D0,36,187032.227820848,1788008672.6991105,1788008672.8439248,0.14481409700238146,False,
D1,36,187032.227820848,1788008672.7003975,1788008672.8676877,0.16728987099486403,False,
P0,36,187032.227820848,1788008672.7008846,1788008672.8712738,0.1703890499775298,False,
P1,36,187032.227820848,1788008672.6986158,1788008672.8633728,0.16475672900560312,False,
D0,37,187033.227820848,1788008673.700732,1788008673.836135,0.13540282301255502,False,
D1,37,187033.227820848,1788008673.6986291,1788008673.7783902,0.07976131798932329,False,
P0,37,187033.227820848,1788008673.7000308,1788008673.8335016,0.13347114500356838,False,
P1,37,187033.227820848,1788008673.699126,1788008673.8257308,0.12660469699767418,False,
D0,38,187034.227820848,1788008674.7020442,1788008674.86283,0.16078549801022746,False,
D1,38,187034.227820848,1788008674.6992083,1788008674.8521326,0.15292445998056792,False,
P0,38,187034.227820848,1788008674.6986375,1788008674.8561974,0.1575598840136081,False,
P1,38,187034.227820848,1788008674.7001348,1788008674.8597622,0.15962760499678552,False,
D0,39,187035.227820848,1788008675.6997702,1788008675.864431,0.1646606620051898,False,
D1,39,187035.227820848,1788008675.6991682,1788008675.8614337,0.16226568797719665,False,
P0,39,187035.227820848,1788008675.70144,1788008675.8538218,0.15238190698437393,False,
P1,39,187035.227820848,1788008675.6986341,1788008675.858475,0.1598409919824917,False,
D0,40,187036.227820848,1788008676.6998417,1788008676.8378985,0.1380568539898377,False,
D1,40,187036.227820848,1788008676.7006347,1788008676.8520725,0.15143748198170215,False,
P0,40,187036.227820848,1788008676.6992052,1788008676.8477218,0.14851649198681116,False,
P1,40,187036.227820848,1788008676.698642,1788008676.8205154,0.1218737320159562,False,
D0,41,187037.227820848,1788008677.700295,1788008677.8469594,0.14666479601874016,False,
D1,41,187037.227820848,1788008677.6991556,1788008677.8543541,0.15519857199979015,False,
P0,41,187037.227820848,1788008677.698629,1788008677.8122113,0.11358262700377963,False,
P1,41,187037.227820848,1788008677.6998017,1788008677.8577359,0.15793424201547168,False,
D0,42,187038.227820848,1788008678.7015176,1788008678.863043,0.1615252539922949,False,
D1,42,187038.227820848,1788008678.6992064,1788008678.8557813,0.15657519499654882,False,
P0,42,187038.227820848,1788008678.7003117,1788008678.8598733,0.15956137998728082,False,
P1,42,187038.227820848,1788008678.6986372,1788008678.866185,0.16754782100906596,False,
D0,43,187039.227820848,1788008679.6991947,1788008679.870259,0.17106424301164225,False,
D1,43,187039.227820848,1788008679.6986372,1788008679.8586109,0.15997388699906878,False,
P0,43,187039.227820848,1788008679.6997232,1788008679.865771,0.16604763999930583,False,
P1,43,187039.227820848,1788008679.700269,1788008679.862543,0.16227369202533737,False,
D0,44,187040.227820848,1788008680.7002711,1788008680.8522813,0.15200970697333105,False,
D1,44,187040.227820848,1788008680.6986387,1788008680.8426228,0.14398391501163132,False,
P0,44,187040.227820848,1788008680.6997392,1788008680.8486335,0.1488942519936245,False,
P1,44,187040.227820848,1788008680.6992064,1788008680.8557758,0.1565687799884472,False,
D0,45,187041.227820848,1788008681.7005038,1788008681.84037,0.13986581799690612,False,
D1,45,187041.227820848,1788008681.6991909,1788008681.8242245,0.12503394100349396,False,
P0,45,187041.227820848,1788008681.7015953,1788008681.8442786,0.142682617995888,False,
P1,45,187041.227820848,1788008681.6986365,1788008681.8474224,0.1487858930195216,False,
D0,46,187042.227820848,1788008682.7012208,1788008682.8404157,0.13919510200503282,False,
D1,46,187042.227820848,1788008682.6991665,1788008682.802477,0.10331063199555501,False,
P0,46,187042.227820848,1788008682.6997888,1788008682.8443651,0.14457614900311455,False,
P1,46,187042.227820848,1788008682.698627,1788008682.8359013,0.13727473700419068,False,
D0,47,187043.227820848,1788008683.7010853,1788008683.8262784,0.12519285501912236,False,
D1,47,187043.227820848,1788008683.700202,1788008683.7843213,0.08411928301211447,False,
P0,47,187043.227820848,1788008683.6992056,1788008683.8297184,0.13051277000340633,False,
P1,47,187043.227820848,1788008683.698656,1788008683.822428,0.12377237100736238,False,
D0,48,187044.227820848,1788008684.6999116,1788008684.811282,0.11137086700182408,False,
D1,48,187044.227820848,1788008684.7010283,1788008684.8216064,0.12057813498540781,False,
P0,48,187044.227820848,1788008684.6986349,1788008684.8185396,0.11990485602291301,False,
P1,48,187044.227820848,1788008684.699164,1788008684.81475,0.11558594700181857,False,
D0,49,187045.227820848,1788008685.7002888,1788008685.840808,0.14051849898532964,False,
D1,49,187045.227820848,1788008685.6992056,1788008685.8464782,0.147272566013271,False,
P0,49,187045.227820848,1788008685.698636,1788008685.8505545,0.15191820700420067,False,
P1,49,187045.227820848,1788008685.6998248,1788008685.8541777,0.15435303500271402,False,
D0,50,187046.227820848,1788008686.6991782,1788008686.8131523,0.11397445399779826,False,
D1,50,187046.227820848,1788008686.6986294,1788008686.8337665,0.1351370339980349,False,
P0,50,187046.227820848,1788008686.7007887,1788008686.842371,0.14158201499958523,False,
P1,50,187046.227820848,1788008686.6999907,1788008686.8381221,0.13813139800913632,False,
D0,51,187047.227820848,1788008687.7001941,1788008687.8188124,0.1186186569975689,False,
D1,51,187047.227820848,1788008687.6991532,1788008687.8520024,0.15284891400369816,False,
P0,51,187047.227820848,1788008687.6986308,1788008687.8604832,0.16185245898668654,False,
P1,51,187047.227820848,1788008687.699726,1788008687.8567033,0.1569772069924511,False,
D0,52,187048.227820848,1788008688.6991584,1788008688.8327413,0.1335826340073254,False,
D1,52,187048.227820848,1788008688.698619,1788008688.8468635,0.14824454599875025,False,
P0,52,187048.227820848,1788008688.7007394,1788008688.8429034,0.1421638590109069,False,
P1,52,187048.227820848,1788008688.6999187,1788008688.850306,0.1503868909785524,False,
D0,53,187049.227820848,1788008689.6998818,1788008689.8181286,0.11824592199991457,False,
D1,53,187049.227820848,1788008689.6986156,1788008689.8214319,0.1228161939943675,False,
P0,53,187049.227820848,1788008689.7013478,1788008689.8247309,0.12338292098138481,False,
P1,53,187049.227820848,1788008689.6991239,1788008689.814544,0.11541960400063545,False,
D0,54,187050.227820848,1788008690.7002902,1788008690.8380785,0.13778771299985237,False,
D1,54,187050.227820848,1788008690.698618,1788008690.80772,0.10910206602420658,False,
P0,54,187050.227820848,1788008690.6991239,1788008690.8420892,0.14296525399549864,False,
P1,54,187050.227820848,1788008690.6995995,1788008690.827012,0.1274124329793267,False,
D0,55,187051.227820848,1788008691.6998932,1788008691.833971,0.13407748198369518,False,
D1,55,187051.227820848,1788008691.7014048,1788008691.8459938,0.1445889240130782,False,
P0,55,187051.227820848,1788008691.6986244,1788008691.8422647,0.14364053998724557,False,
P1,55,187051.227820848,1788008691.6991353,1788008691.8386483,0.1395125629787799,False,
D0,56,187052.227820848,1788008692.6991105,1788008692.7588096,0.059699287987314165,False,
D1,56,187052.227820848,1788008692.698617,1788008692.812562,0.11394477798603475,False,
P0,56,187052.227820848,1788008692.7006388,1788008692.8165426,0.11590393399819732,False,
P1,56,187052.227820848,1788008692.6998467,1788008692.8050387,0.10519157999078743,False,
D0,57,187053.227820848,1788008693.699598,1788008693.7961237,0.09652447100961581,False,
D1,57,187053.227820848,1788008693.6986146,1788008693.8250227,0.12640804599504918,False,
P0,57,187053.227820848,1788008693.6991203,1788008693.8219619,0.12284165201708674,False,
P1,57,187053.227820848,1788008693.7004747,1788008693.818429,0.11795434498344548,False,
D0,58,187054.227820848,1788008694.6995814,1788008694.7739387,0.07437368697719648,False,
D1,58,187054.227820848,1788008694.698617,1788008694.8055286,0.10691404098179191,False,
P0,58,187054.227820848,1788008694.6991055,1788008694.8085852,0.10947935498552397,False,
P1,58,187054.227820848,1788008694.7003314,1788008694.80161,0.10127797699533403,False,
D0,59,187055.227820848,1788008695.6999714,1788008695.7537873,0.05381543701514602,False,
D1,59,187055.227820848,1788008695.7011538,1788008695.8079922,0.10683846898609772,False,
P0,59,187055.227820848,1788008695.69863,1788008695.8118792,0.11324898697785102,False,
P1,59,187055.227820848,1788008695.699449,1788008695.78293,0.08348078597919084,False,
D0,60,187056.227820848,1788008696.6996133,1788008696.8468251,0.1472116590011865,False,
D1,60,187056.227820848,1788008696.6986187,1788008696.824379,0.12576023701694794,False,
P0,60,187056.227820848,1788008696.6991286,1788008696.8427944,0.1436656409932766,False,
P1,60,187056.227820848,1788008696.7004333,1788008696.8391,0.13866545900236815,False,
D0,61,187057.227820848,1788008697.698621,1788008697.7581728,0.05955191300017759,False,
D1,61,187057.227820848,1788008697.699694,1788008697.803737,0.10404314298648387,False,
P0,61,187057.227820848,1788008697.7011583,1788008697.806955,0.10579564102226868,False,
P1,61,187057.227820848,1788008697.6991177,1788008697.799424,0.10030606898362748,False,
D0,62,187058.227820848,1788008698.6996436,1788008698.8379629,0.13831891299923882,False,
D1,62,187058.227820848,1788008698.6991167,1788008698.8413525,0.14223559701349586,False,
P0,62,187058.227820848,1788008698.698617,1788008698.8274324,0.12881575600476936,False,
P1,62,187058.227820848,1788008698.7000713,1788008698.8334885,0.13341736697475426,False,
D0,63,187059.227820848,1788008699.6998599,1788008699.7782958,0.07843598700128496,False,
D1,63,187059.227820848,1788008699.6986234,1788008699.805321,0.10669751599198207,False,
P0,63,187059.227820848,1788008699.6991334,1788008699.80889,0.10975631600013003,False,
P1,63,187059.227820848,1788008699.7005951,1788008699.7997413,0.09914548098458908,False,
D0,64,187060.227820848,1788008700.699596,1788008700.828809,0.1292130239889957,False,
D1,64,187060.227820848,1788008700.6986217,1788008700.8204086,0.12178724198020063,False,
P0,64,187060.227820848,1788008700.6991198,1788008700.8362076,0.13708764500916004,False,
P1,64,187060.227820848,1788008700.7003338,1788008700.8327353,0.13240104899159633,False,
D0,65,187061.227820848,1788008701.6998863,1788008701.7536073,0.05371970098349266,False,
D1,65,187061.227820848,1788008701.6986177,1788008701.8182285,0.1196109960146714,False,
P0,65,187061.227820848,1788008701.7011924,1788008701.8146338,0.11344108000048436,False,
P1,65,187061.227820848,1788008701.6991313,1788008701.8038473,0.10471611999673769,False,
D0,66,187062.227820848,1788008702.6999233,1788008702.8284833,0.12855992201366462,False,
D1,66,187062.227820848,1788008702.6986191,1788008702.835926,0.13730702799512073,False,
P0,66,187062.227820848,1788008702.7004416,1788008702.8324575,0.13201588398078457,False,
P1,66,187062.227820848,1788008702.6991265,1788008702.7727256,0.07359951001126319,False,
