gpu_type,phase,slo_ms,target,p_th,rho_th,false_safe,false_unsafe,true_safe,true_unsafe,unsafe_support,safe_support,false_safe_rate_pct,false_unsafe_rate_pct,safe_precision_pct,admit_rate_pct
l4,prefill,200,p99_ttft,0.5,1.0,7,14,47,134,141,61,4.96,22.95,87.04,26.73
l4,prefill,200,p99_ttft,0.5,0.9,7,14,47,134,141,61,4.96,22.95,87.04,26.73
l4,prefill,200,p99_ttft,0.5,0.8,6,14,47,135,141,61,4.26,22.95,88.68,26.24
l4,prefill,200,p99_ttft,0.5,0.7,6,14,47,135,141,61,4.26,22.95,88.68,26.24
l4,prefill,200,p99_ttft,0.5,0.6,5,15,46,136,141,61,3.55,24.59,90.2,25.25
l4,prefill,200,p99_ttft,0.5,0.5,4,15,46,137,141,61,2.84,24.59,92.0,24.75
l4,prefill,200,p99_ttft,0.5,0.4,2,16,45,139,141,61,1.42,26.23,95.74,23.27
l4,prefill,200,p99_ttft,0.5,0.3,2,16,45,139,141,61,1.42,26.23,95.74,23.27
l4,prefill,200,p99_ttft,0.5,0.2,1,29,32,140,141,61,0.71,47.54,96.97,16.34
l4,prefill,200,p99_ttft,0.5,0.1,0,45,16,141,141,61,0.0,73.77,100.0,7.92
l4,prefill,200,p99_ttft,0.4,1.0,6,17,44,135,141,61,4.26,27.87,88.0,24.75
l4,prefill,200,p99_ttft,0.4,0.9,6,17,44,135,141,61,4.26,27.87,88.0,24.75
l4,prefill,200,p99_ttft,0.4,0.8,5,17,44,136,141,61,3.55,27.87,89.8,24.26
l4,prefill,200,p99_ttft,0.4,0.7,5,17,44,136,141,61,3.55,27.87,89.8,24.26
l4,prefill,200,p99_ttft,0.4,0.6,4,18,43,137,141,61,2.84,29.51,91.49,23.27
l4,prefill,200,p99_ttft,0.4,0.5,3,18,43,138,141,61,2.13,29.51,93.48,22.77
l4,prefill,200,p99_ttft,0.4,0.4,1,19,42,140,141,61,0.71,31.15,97.67,21.29
l4,prefill,200,p99_ttft,0.4,0.3,1,19,42,140,141,61,0.71,31.15,97.67,21.29
l4,prefill,200,p99_ttft,0.4,0.2,0,29,32,141,141,61,0.0,47.54,100.0,15.84
l4,prefill,200,p99_ttft,0.4,0.1,0,45,16,141,141,61,0.0,73.77,100.0,7.92
l4,prefill,200,p99_ttft,0.3,1.0,3,19,42,138,141,61,2.13,31.15,93.33,22.28
l4,prefill,200,p99_ttft,0.3,0.9,3,19,42,138,141,61,2.13,31.15,93.33,22.28
l4,prefill,200,p99_ttft,0.3,0.8,2,19,42,139,141,61,1.42,31.15,95.45,21.78
l4,prefill,200,p99_ttft,0.3,0.7,2,19,42,139,141,61,1.42,31.15,95.45,21.78
l4,prefill,200,p99_ttft,0.3,0.6,1,20,41,140,141,61,0.71,32.79,97.62,20.79
l4,prefill,200,p99_ttft,0.3,0.5,1,20,41,140,141,61,0.71,32.79,97.62,20.79
l4,prefill,200,p99_ttft,0.3,0.4,1,21,40,140,141,61,0.71,34.43,97.56,20.3
l4,prefill,200,p99_ttft,0.3,0.3,1,21,40,140,141,61,0.71,34.43,97.56,20.3
l4,prefill,200,p99_ttft,0.3,0.2,0,30,31,141,141,61,0.0,49.18,100.0,15.35
l4,prefill,200,p99_ttft,0.3,0.1,0,45,16,141,141,61,0.0,73.77,100.0,7.92
l4,prefill,200,p99_ttft,0.2,1.0,3,23,38,138,141,61,2.13,37.7,92.68,20.3
l4,prefill,200,p99_ttft,0.2,0.9,3,23,38,138,141,61,2.13,37.7,92.68,20.3
l4,prefill,200,p99_ttft,0.2,0.8,2,23,38,139,141,61,1.42,37.7,95.0,19.8
l4,prefill,200,p99_ttft,0.2,0.7,2,23,38,139,141,61,1.42,37.7,95.0,19.8
l4,prefill,200,p99_ttft,0.2,0.6,1,24,37,140,141,61,0.71,39.34,97.37,18.81
l4,prefill,200,p99_ttft,0.2,0.5,1,24,37,140,141,61,0.71,39.34,97.37,18.81
l4,prefill,200,p99_ttft,0.2,0.4,1,24,37,140,141,61,0.71,39.34,97.37,18.81
l4,prefill,200,p99_ttft,0.2,0.3,1,24,37,140,141,61,0.71,39.34,97.37,18.81
l4,prefill,200,p99_ttft,0.2,0.2,0,31,30,141,141,61,0.0,50.82,100.0,14.85
l4,prefill,200,p99_ttft,0.2,0.1,0,45,16,141,141,61,0.0,73.77,100.0,7.92
l4,prefill,200,p99_ttft,0.15,1.0,3,23,38,138,141,61,2.13,37.7,92.68,20.3
l4,prefill,200,p99_ttft,0.15,0.9,3,23,38,138,141,61,2.13,37.7,92.68,20.3
l4,prefill,200,p99_ttft,0.15,0.8,2,23,38,139,141,61,1.42,37.7,95.0,19.8
l4,prefill,200,p99_ttft,0.15,0.7,2,23,38,139,141,61,1.42,37.7,95.0,19.8
l4,prefill,200,p99_ttft,0.15,0.6,1,24,37,140,141,61,0.71,39.34,97.37,18.81
l4,prefill,200,p99_ttft,0.15,0.5,1,24,37,140,141,61,0.71,39.34,97.37,18.81
l4,prefill,200,p99_ttft,0.15,0.4,1,24,37,140,141,61,0.71,39.34,97.37,18.81
l4,prefill,200,p99_ttft,0.15,0.3,1,24,37,140,141,61,0.71,39.34,97.37,18.81
l4,prefill,200,p99_ttft,0.15,0.2,0,31,30,141,141,61,0.0,50.82,100.0,14.85
l4,prefill,200,p99_ttft,0.15,0.1,0,45,16,141,141,61,0.0,73.77,100.0,7.92
l4,prefill,200,p99_ttft,0.1,1.0,2,26,35,139,141,61,1.42,42.62,94.59,18.32
l4,prefill,200,p99_ttft,0.1,0.9,2,26,35,139,141,61,1.42,42.62,94.59,18.32
l4,prefill,200,p99_ttft,0.1,0.8,1,26,35,140,141,61,0.71,42.62,97.22,17.82
l4,prefill,200,p99_ttft,0.1,0.7,1,26,35,140,141,61,0.71,42.62,97.22,17.82
l4,prefill,200,p99_ttft,0.1,0.6,1,26,35,140,141,61,0.71,42.62,97.22,17.82
l4,prefill,200,p99_ttft,0.1,0.5,1,26,35,140,141,61,0.71,42.62,97.22,17.82
l4,prefill,200,p99_ttft,0.1,0.4,1,26,35,140,141,61,0.71,42.62,97.22,17.82
l4,prefill,200,p99_ttft,0.1,0.3,1,26,35,140,141,61,0.71,42.62,97.22,17.82
l4,prefill,200,p99_ttft,0.1,0.2,0,32,29,141,141,61,0.0,52.46,100.0,14.36
l4,prefill,200,p99_ttft,0.1,0.1,0,45,16,141,141,61,0.0,73.77,100.0,7.92
l4,prefill,200,p99_ttft,0.05,1.0,0,37,24,141,141,61,0.0,60.66,100.0,11.88
l4,prefill,200,p99_ttft,0.05,0.9,0,37,24,141,141,61,0.0,60.66,100.0,11.88
l4,prefill,200,p99_ttft,0.05,0.8,0,37,24,141,141,61,0.0,60.66,100.0,11.88
l4,prefill,200,p99_ttft,0.05,0.7,0,37,24,141,141,61,0.0,60.66,100.0,11.88
l4,prefill,200,p99_ttft,0.05,0.6,0,37,24,141,141,61,0.0,60.66,100.0,11.88
l4,prefill,200,p99_ttft,0.05,0.5,0,37,24,141,141,61,0.0,60.66,100.0,11.88
l4,prefill,200,p99_ttft,0.05,0.4,0,37,24,141,141,61,0.0,60.66,100.0,11.88
l4,prefill,200,p99_ttft,0.05,0.3,0,37,24,141,141,61,0.0,60.66,100.0,11.88
l4,prefill,200,p99_ttft,0.05,0.2,0,39,22,141,141,61,0.0,63.93,100.0,10.89
l4,prefill,200,p99_ttft,0.05,0.1,0,49,12,141,141,61,0.0,80.33,100.0,5.94
l4,prefill,200,p99_ttft,0.02,1.0,0,52,9,141,141,61,0.0,85.25,100.0,4.46
l4,prefill,200,p99_ttft,0.02,0.9,0,52,9,141,141,61,0.0,85.25,100.0,4.46
l4,prefill,200,p99_ttft,0.02,0.8,0,52,9,141,141,61,0.0,85.25,100.0,4.46
l4,prefill,200,p99_ttft,0.02,0.7,0,52,9,141,141,61,0.0,85.25,100.0,4.46
l4,prefill,200,p99_ttft,0.02,0.6,0,52,9,141,141,61,0.0,85.25,100.0,4.46
l4,prefill,200,p99_ttft,0.02,0.5,0,52,9,141,141,61,0.0,85.25,100.0,4.46
l4,prefill,200,p99_ttft,0.02,0.4,0,52,9,141,141,61,0.0,85.25,100.0,4.46
l4,prefill,200,p99_ttft,0.02,0.3,0,52,9,141,141,61,0.0,85.25,100.0,4.46
l4,prefill,200,p99_ttft,0.02,0.2,0,52,9,141,141,61,0.0,85.25,100.0,4.46
l4,prefill,200,p99_ttft,0.02,0.1,0,55,6,141,141,61,0.0,90.16,100.0,2.97
l4,prefill,200,p99_ttft,0.01,1.0,0,54,7,141,141,61,0.0,88.52,100.0,3.47
l4,prefill,200,p99_ttft,0.01,0.9,0,54,7,141,141,61,0.0,88.52,100.0,3.47
l4,prefill,200,p99_ttft,0.01,0.8,0,54,7,141,141,61,0.0,88.52,100.0,3.47
l4,prefill,200,p99_ttft,0.01,0.7,0,54,7,141,141,61,0.0,88.52,100.0,3.47
l4,prefill,200,p99_ttft,0.01,0.6,0,54,7,141,141,61,0.0,88.52,100.0,3.47
l4,prefill,200,p99_ttft,0.01,0.5,0,54,7,141,141,61,0.0,88.52,100.0,3.47
l4,prefill,200,p99_ttft,0.01,0.4,0,54,7,141,141,61,0.0,88.52,100.0,3.47
l4,prefill,200,p99_ttft,0.01,0.3,0,54,7,141,141,61,0.0,88.52,100.0,3.47
l4,prefill,200,p99_ttft,0.01,0.2,0,54,7,141,141,61,0.0,88.52,100.0,3.47
l4,prefill,200,p99_ttft,0.01,0.1,0,55,6,141,141,61,0.0,90.16,100.0,2.97
l4,prefill,500,p99_ttft,0.5,1.0,3,13,77,109,112,90,2.68,14.44,96.25,39.6
l4,prefill,500,p99_ttft,0.5,0.9,3,14,76,109,112,90,2.68,15.56,96.2,39.11
l4,prefill,500,p99_ttft,0.5,0.8,3,16,74,109,112,90,2.68,17.78,96.1,38.12
l4,prefill,500,p99_ttft,0.5,0.7,3,18,72,109,112,90,2.68,20.0,96.0,37.13
l4,prefill,500,p99_ttft,0.5,0.6,3,22,68,109,112,90,2.68,24.44,95.77,35.15
l4,prefill,500,p99_ttft,0.5,0.5,2,24,66,110,112,90,1.79,26.67,97.06,33.66
l4,prefill,500,p99_ttft,0.5,0.4,0,29,61,112,112,90,0.0,32.22,100.0,30.2
l4,prefill,500,p99_ttft,0.5,0.3,0,33,57,112,112,90,0.0,36.67,100.0,28.22
l4,prefill,500,p99_ttft,0.5,0.2,0,50,40,112,112,90,0.0,55.56,100.0,19.8
l4,prefill,500,p99_ttft,0.5,0.1,0,69,21,112,112,90,0.0,76.67,100.0,10.4
l4,prefill,500,p99_ttft,0.4,1.0,3,16,74,109,112,90,2.68,17.78,96.1,38.12
l4,prefill,500,p99_ttft,0.4,0.9,3,17,73,109,112,90,2.68,18.89,96.05,37.62
l4,prefill,500,p99_ttft,0.4,0.8,3,19,71,109,112,90,2.68,21.11,95.95,36.63
l4,prefill,500,p99_ttft,0.4,0.7,3,21,69,109,112,90,2.68,23.33,95.83,35.64
l4,prefill,500,p99_ttft,0.4,0.6,3,24,66,109,112,90,2.68,26.67,95.65,34.16
l4,prefill,500,p99_ttft,0.4,0.5,2,26,64,110,112,90,1.79,28.89,96.97,32.67
l4,prefill,500,p99_ttft,0.4,0.4,0,30,60,112,112,90,0.0,33.33,100.0,29.7
l4,prefill,500,p99_ttft,0.4,0.3,0,34,56,112,112,90,0.0,37.78,100.0,27.72
l4,prefill,500,p99_ttft,0.4,0.2,0,50,40,112,112,90,0.0,55.56,100.0,19.8
l4,prefill,500,p99_ttft,0.4,0.1,0,69,21,112,112,90,0.0,76.67,100.0,10.4
l4,prefill,500,p99_ttft,0.3,1.0,3,17,73,109,112,90,2.68,18.89,96.05,37.62
l4,prefill,500,p99_ttft,0.3,0.9,3,18,72,109,112,90,2.68,20.0,96.0,37.13
l4,prefill,500,p99_ttft,0.3,0.8,3,20,70,109,112,90,2.68,22.22,95.89,36.14
l4,prefill,500,p99_ttft,0.3,0.7,3,22,68,109,112,90,2.68,24.44,95.77,35.15
l4,prefill,500,p99_ttft,0.3,0.6,3,25,65,109,112,90,2.68,27.78,95.59,33.66
l4,prefill,500,p99_ttft,0.3,0.5,2,27,63,110,112,90,1.79,30.0,96.92,32.18
l4,prefill,500,p99_ttft,0.3,0.4,0,31,59,112,112,90,0.0,34.44,100.0,29.21
l4,prefill,500,p99_ttft,0.3,0.3,0,34,56,112,112,90,0.0,37.78,100.0,27.72
l4,prefill,500,p99_ttft,0.3,0.2,0,50,40,112,112,90,0.0,55.56,100.0,19.8
l4,prefill,500,p99_ttft,0.3,0.1,0,69,21,112,112,90,0.0,76.67,100.0,10.4
l4,prefill,500,p99_ttft,0.2,1.0,3,23,67,109,112,90,2.68,25.56,95.71,34.65
l4,prefill,500,p99_ttft,0.2,0.9,3,23,67,109,112,90,2.68,25.56,95.71,34.65
l4,prefill,500,p99_ttft,0.2,0.8,3,25,65,109,112,90,2.68,27.78,95.59,33.66
l4,prefill,500,p99_ttft,0.2,0.7,3,26,64,109,112,90,2.68,28.89,95.52,33.17
l4,prefill,500,p99_ttft,0.2,0.6,3,29,61,109,112,90,2.68,32.22,95.31,31.68
l4,prefill,500,p99_ttft,0.2,0.5,2,31,59,110,112,90,1.79,34.44,96.72,30.2
l4,prefill,500,p99_ttft,0.2,0.4,0,35,55,112,112,90,0.0,38.89,100.0,27.23
l4,prefill,500,p99_ttft,0.2,0.3,0,36,54,112,112,90,0.0,40.0,100.0,26.73
l4,prefill,500,p99_ttft,0.2,0.2,0,50,40,112,112,90,0.0,55.56,100.0,19.8
l4,prefill,500,p99_ttft,0.2,0.1,0,69,21,112,112,90,0.0,76.67,100.0,10.4
l4,prefill,500,p99_ttft,0.15,1.0,3,24,66,109,112,90,2.68,26.67,95.65,34.16
l4,prefill,500,p99_ttft,0.15,0.9,3,24,66,109,112,90,2.68,26.67,95.65,34.16
l4,prefill,500,p99_ttft,0.15,0.8,3,26,64,109,112,90,2.68,28.89,95.52,33.17
l4,prefill,500,p99_ttft,0.15,0.7,3,27,63,109,112,90,2.68,30.0,95.45,32.67
l4,prefill,500,p99_ttft,0.15,0.6,3,30,60,109,112,90,2.68,33.33,95.24,31.19
l4,prefill,500,p99_ttft,0.15,0.5,2,32,58,110,112,90,1.79,35.56,96.67,29.7
l4,prefill,500,p99_ttft,0.15,0.4,0,36,54,112,112,90,0.0,40.0,100.0,26.73
l4,prefill,500,p99_ttft,0.15,0.3,0,36,54,112,112,90,0.0,40.0,100.0,26.73
l4,prefill,500,p99_ttft,0.15,0.2,0,50,40,112,112,90,0.0,55.56,100.0,19.8
l4,prefill,500,p99_ttft,0.15,0.1,0,69,21,112,112,90,0.0,76.67,100.0,10.4
l4,prefill,500,p99_ttft,0.1,1.0,3,29,61,109,112,90,2.68,32.22,95.31,31.68
l4,prefill,500,p99_ttft,0.1,0.9,3,29,61,109,112,90,2.68,32.22,95.31,31.68
l4,prefill,500,p99_ttft,0.1,0.8,3,30,60,109,112,90,2.68,33.33,95.24,31.19
l4,prefill,500,p99_ttft,0.1,0.7,3,31,59,109,112,90,2.68,34.44,95.16,30.69
l4,prefill,500,p99_ttft,0.1,0.6,3,34,56,109,112,90,2.68,37.78,94.92,29.21
l4,prefill,500,p99_ttft,0.1,0.5,2,35,55,110,112,90,1.79,38.89,96.49,28.22
l4,prefill,500,p99_ttft,0.1,0.4,0,38,52,112,112,90,0.0,42.22,100.0,25.74
l4,prefill,500,p99_ttft,0.1,0.3,0,38,52,112,112,90,0.0,42.22,100.0,25.74
l4,prefill,500,p99_ttft,0.1,0.2,0,52,38,112,112,90,0.0,57.78,100.0,18.81
l4,prefill,500,p99_ttft,0.1,0.1,0,70,20,112,112,90,0.0,77.78,100.0,9.9
l4,prefill,500,p99_ttft,0.05,1.0,3,34,56,109,112,90,2.68,37.78,94.92,29.21
l4,prefill,500,p99_ttft,0.05,0.9,3,34,56,109,112,90,2.68,37.78,94.92,29.21
l4,prefill,500,p99_ttft,0.05,0.8,3,35,55,109,112,90,2.68,38.89,94.83,28.71
l4,prefill,500,p99_ttft,0.05,0.7,3,36,54,109,112,90,2.68,40.0,94.74,28.22
l4,prefill,500,p99_ttft,0.05,0.6,3,38,52,109,112,90,2.68,42.22,94.55,27.23
l4,prefill,500,p99_ttft,0.05,0.5,2,38,52,110,112,90,1.79,42.22,96.3,26.73
l4,prefill,500,p99_ttft,0.05,0.4,0,41,49,112,112,90,0.0,45.56,100.0,24.26
l4,prefill,500,p99_ttft,0.05,0.3,0,41,49,112,112,90,0.0,45.56,100.0,24.26
l4,prefill,500,p99_ttft,0.05,0.2,0,54,36,112,112,90,0.0,60.0,100.0,17.82
l4,prefill,500,p99_ttft,0.05,0.1,0,72,18,112,112,90,0.0,80.0,100.0,8.91
l4,prefill,500,p99_ttft,0.02,1.0,3,41,49,109,112,90,2.68,45.56,94.23,25.74
l4,prefill,500,p99_ttft,0.02,0.9,3,41,49,109,112,90,2.68,45.56,94.23,25.74
l4,prefill,500,p99_ttft,0.02,0.8,3,42,48,109,112,90,2.68,46.67,94.12,25.25
l4,prefill,500,p99_ttft,0.02,0.7,3,43,47,109,112,90,2.68,47.78,94.0,24.75
l4,prefill,500,p99_ttft,0.02,0.6,3,44,46,109,112,90,2.68,48.89,93.88,24.26
l4,prefill,500,p99_ttft,0.02,0.5,2,44,46,110,112,90,1.79,48.89,95.83,23.76
l4,prefill,500,p99_ttft,0.02,0.4,0,45,45,112,112,90,0.0,50.0,100.0,22.28
l4,prefill,500,p99_ttft,0.02,0.3,0,45,45,112,112,90,0.0,50.0,100.0,22.28
l4,prefill,500,p99_ttft,0.02,0.2,0,56,34,112,112,90,0.0,62.22,100.0,16.83
l4,prefill,500,p99_ttft,0.02,0.1,0,74,16,112,112,90,0.0,82.22,100.0,7.92
l4,prefill,500,p99_ttft,0.01,1.0,0,46,44,112,112,90,0.0,51.11,100.0,21.78
l4,prefill,500,p99_ttft,0.01,0.9,0,46,44,112,112,90,0.0,51.11,100.0,21.78
l4,prefill,500,p99_ttft,0.01,0.8,0,47,43,112,112,90,0.0,52.22,100.0,21.29
l4,prefill,500,p99_ttft,0.01,0.7,0,48,42,112,112,90,0.0,53.33,100.0,20.79
l4,prefill,500,p99_ttft,0.01,0.6,0,48,42,112,112,90,0.0,53.33,100.0,20.79
l4,prefill,500,p99_ttft,0.01,0.5,0,48,42,112,112,90,0.0,53.33,100.0,20.79
l4,prefill,500,p99_ttft,0.01,0.4,0,49,41,112,112,90,0.0,54.44,100.0,20.3
l4,prefill,500,p99_ttft,0.01,0.3,0,49,41,112,112,90,0.0,54.44,100.0,20.3
l4,prefill,500,p99_ttft,0.01,0.2,0,57,33,112,112,90,0.0,63.33,100.0,16.34
l4,prefill,500,p99_ttft,0.01,0.1,0,74,16,112,112,90,0.0,82.22,100.0,7.92
l4,prefill,1000,p99_ttft,0.5,1.0,3,17,108,74,77,125,3.9,13.6,97.3,54.95
l4,prefill,1000,p99_ttft,0.5,0.9,3,21,104,74,77,125,3.9,16.8,97.2,52.97
l4,prefill,1000,p99_ttft,0.5,0.8,3,24,101,74,77,125,3.9,19.2,97.12,51.49
l4,prefill,1000,p99_ttft,0.5,0.7,3,27,98,74,77,125,3.9,21.6,97.03,50.0
l4,prefill,1000,p99_ttft,0.5,0.6,3,34,91,74,77,125,3.9,27.2,96.81,46.53
l4,prefill,1000,p99_ttft,0.5,0.5,2,39,86,75,77,125,2.6,31.2,97.73,43.56
l4,prefill,1000,p99_ttft,0.5,0.4,1,48,77,76,77,125,1.3,38.4,98.72,38.61
l4,prefill,1000,p99_ttft,0.5,0.3,0,54,71,77,77,125,0.0,43.2,100.0,35.15
l4,prefill,1000,p99_ttft,0.5,0.2,0,77,48,77,77,125,0.0,61.6,100.0,23.76
l4,prefill,1000,p99_ttft,0.5,0.1,0,102,23,77,77,125,0.0,81.6,100.0,11.39
l4,prefill,1000,p99_ttft,0.4,1.0,2,19,106,75,77,125,2.6,15.2,98.15,53.47
l4,prefill,1000,p99_ttft,0.4,0.9,2,23,102,75,77,125,2.6,18.4,98.08,51.49
l4,prefill,1000,p99_ttft,0.4,0.8,2,26,99,75,77,125,2.6,20.8,98.02,50.0
l4,prefill,1000,p99_ttft,0.4,0.7,2,28,97,75,77,125,2.6,22.4,97.98,49.01
l4,prefill,1000,p99_ttft,0.4,0.6,2,34,91,75,77,125,2.6,27.2,97.85,46.04
l4,prefill,1000,p99_ttft,0.4,0.5,1,39,86,76,77,125,1.3,31.2,98.85,43.07
l4,prefill,1000,p99_ttft,0.4,0.4,0,48,77,77,77,125,0.0,38.4,100.0,38.12
l4,prefill,1000,p99_ttft,0.4,0.3,0,54,71,77,77,125,0.0,43.2,100.0,35.15
l4,prefill,1000,p99_ttft,0.4,0.2,0,77,48,77,77,125,0.0,61.6,100.0,23.76
l4,prefill,1000,p99_ttft,0.4,0.1,0,102,23,77,77,125,0.0,81.6,100.0,11.39
l4,prefill,1000,p99_ttft,0.3,1.0,0,21,104,77,77,125,0.0,16.8,100.0,51.49
l4,prefill,1000,p99_ttft,0.3,0.9,0,25,100,77,77,125,0.0,20.0,100.0,49.5
l4,prefill,1000,p99_ttft,0.3,0.8,0,27,98,77,77,125,0.0,21.6,100.0,48.51
l4,prefill,1000,p99_ttft,0.3,0.7,0,29,96,77,77,125,0.0,23.2,100.0,47.52
l4,prefill,1000,p99_ttft,0.3,0.6,0,35,90,77,77,125,0.0,28.0,100.0,44.55
l4,prefill,1000,p99_ttft,0.3,0.5,0,40,85,77,77,125,0.0,32.0,100.0,42.08
l4,prefill,1000,p99_ttft,0.3,0.4,0,49,76,77,77,125,0.0,39.2,100.0,37.62
l4,prefill,1000,p99_ttft,0.3,0.3,0,55,70,77,77,125,0.0,44.0,100.0,34.65
l4,prefill,1000,p99_ttft,0.3,0.2,0,77,48,77,77,125,0.0,61.6,100.0,23.76
l4,prefill,1000,p99_ttft,0.3,0.1,0,102,23,77,77,125,0.0,81.6,100.0,11.39
l4,prefill,1000,p99_ttft,0.2,1.0,0,24,101,77,77,125,0.0,19.2,100.0,50.0
l4,prefill,1000,p99_ttft,0.2,0.9,0,28,97,77,77,125,0.0,22.4,100.0,48.02
l4,prefill,1000,p99_ttft,0.2,0.8,0,30,95,77,77,125,0.0,24.0,100.0,47.03
l4,prefill,1000,p99_ttft,0.2,0.7,0,32,93,77,77,125,0.0,25.6,100.0,46.04
l4,prefill,1000,p99_ttft,0.2,0.6,0,38,87,77,77,125,0.0,30.4,100.0,43.07
l4,prefill,1000,p99_ttft,0.2,0.5,0,43,82,77,77,125,0.0,34.4,100.0,40.59
l4,prefill,1000,p99_ttft,0.2,0.4,0,51,74,77,77,125,0.0,40.8,100.0,36.63
l4,prefill,1000,p99_ttft,0.2,0.3,0,56,69,77,77,125,0.0,44.8,100.0,34.16
l4,prefill,1000,p99_ttft,0.2,0.2,0,77,48,77,77,125,0.0,61.6,100.0,23.76
l4,prefill,1000,p99_ttft,0.2,0.1,0,102,23,77,77,125,0.0,81.6,100.0,11.39
l4,prefill,1000,p99_ttft,0.15,1.0,0,31,94,77,77,125,0.0,24.8,100.0,46.53
l4,prefill,1000,p99_ttft,0.15,0.9,0,33,92,77,77,125,0.0,26.4,100.0,45.54
l4,prefill,1000,p99_ttft,0.15,0.8,0,34,91,77,77,125,0.0,27.2,100.0,45.05
l4,prefill,1000,p99_ttft,0.15,0.7,0,36,89,77,77,125,0.0,28.8,100.0,44.06
l4,prefill,1000,p99_ttft,0.15,0.6,0,40,85,77,77,125,0.0,32.0,100.0,42.08
l4,prefill,1000,p99_ttft,0.15,0.5,0,45,80,77,77,125,0.0,36.0,100.0,39.6
l4,prefill,1000,p99_ttft,0.15,0.4,0,53,72,77,77,125,0.0,42.4,100.0,35.64
l4,prefill,1000,p99_ttft,0.15,0.3,0,58,67,77,77,125,0.0,46.4,100.0,33.17
l4,prefill,1000,p99_ttft,0.15,0.2,0,77,48,77,77,125,0.0,61.6,100.0,23.76
l4,prefill,1000,p99_ttft,0.15,0.1,0,102,23,77,77,125,0.0,81.6,100.0,11.39
l4,prefill,1000,p99_ttft,0.1,1.0,0,40,85,77,77,125,0.0,32.0,100.0,42.08
l4,prefill,1000,p99_ttft,0.1,0.9,0,42,83,77,77,125,0.0,33.6,100.0,41.09
l4,prefill,1000,p99_ttft,0.1,0.8,0,43,82,77,77,125,0.0,34.4,100.0,40.59
l4,prefill,1000,p99_ttft,0.1,0.7,0,45,80,77,77,125,0.0,36.0,100.0,39.6
l4,prefill,1000,p99_ttft,0.1,0.6,0,49,76,77,77,125,0.0,39.2,100.0,37.62
l4,prefill,1000,p99_ttft,0.1,0.5,0,53,72,77,77,125,0.0,42.4,100.0,35.64
l4,prefill,1000,p99_ttft,0.1,0.4,0,60,65,77,77,125,0.0,48.0,100.0,32.18
l4,prefill,1000,p99_ttft,0.1,0.3,0,64,61,77,77,125,0.0,51.2,100.0,30.2
l4,prefill,1000,p99_ttft,0.1,0.2,0,82,43,77,77,125,0.0,65.6,100.0,21.29
l4,prefill,1000,p99_ttft,0.1,0.1,0,104,21,77,77,125,0.0,83.2,100.0,10.4
l4,prefill,1000,p99_ttft,0.05,1.0,0,55,70,77,77,125,0.0,44.0,100.0,34.65
l4,prefill,1000,p99_ttft,0.05,0.9,0,55,70,77,77,125,0.0,44.0,100.0,34.65
l4,prefill,1000,p99_ttft,0.05,0.8,0,56,69,77,77,125,0.0,44.8,100.0,34.16
l4,prefill,1000,p99_ttft,0.05,0.7,0,56,69,77,77,125,0.0,44.8,100.0,34.16
l4,prefill,1000,p99_ttft,0.05,0.6,0,60,65,77,77,125,0.0,48.0,100.0,32.18
l4,prefill,1000,p99_ttft,0.05,0.5,0,63,62,77,77,125,0.0,50.4,100.0,30.69
l4,prefill,1000,p99_ttft,0.05,0.4,0,69,56,77,77,125,0.0,55.2,100.0,27.72
l4,prefill,1000,p99_ttft,0.05,0.3,0,70,55,77,77,125,0.0,56.0,100.0,27.23
l4,prefill,1000,p99_ttft,0.05,0.2,0,85,40,77,77,125,0.0,68.0,100.0,19.8
l4,prefill,1000,p99_ttft,0.05,0.1,0,105,20,77,77,125,0.0,84.0,100.0,9.9
l4,prefill,1000,p99_ttft,0.02,1.0,0,67,58,77,77,125,0.0,53.6,100.0,28.71
l4,prefill,1000,p99_ttft,0.02,0.9,0,67,58,77,77,125,0.0,53.6,100.0,28.71
l4,prefill,1000,p99_ttft,0.02,0.8,0,68,57,77,77,125,0.0,54.4,100.0,28.22
l4,prefill,1000,p99_ttft,0.02,0.7,0,68,57,77,77,125,0.0,54.4,100.0,28.22
l4,prefill,1000,p99_ttft,0.02,0.6,0,71,54,77,77,125,0.0,56.8,100.0,26.73
l4,prefill,1000,p99_ttft,0.02,0.5,0,73,52,77,77,125,0.0,58.4,100.0,25.74
l4,prefill,1000,p99_ttft,0.02,0.4,0,78,47,77,77,125,0.0,62.4,100.0,23.27
l4,prefill,1000,p99_ttft,0.02,0.3,0,79,46,77,77,125,0.0,63.2,100.0,22.77
l4,prefill,1000,p99_ttft,0.02,0.2,0,92,33,77,77,125,0.0,73.6,100.0,16.34
l4,prefill,1000,p99_ttft,0.02,0.1,0,108,17,77,77,125,0.0,86.4,100.0,8.42
l4,prefill,1000,p99_ttft,0.01,1.0,0,76,49,77,77,125,0.0,60.8,100.0,24.26
l4,prefill,1000,p99_ttft,0.01,0.9,0,76,49,77,77,125,0.0,60.8,100.0,24.26
l4,prefill,1000,p99_ttft,0.01,0.8,0,76,49,77,77,125,0.0,60.8,100.0,24.26
l4,prefill,1000,p99_ttft,0.01,0.7,0,76,49,77,77,125,0.0,60.8,100.0,24.26
l4,prefill,1000,p99_ttft,0.01,0.6,0,79,46,77,77,125,0.0,63.2,100.0,22.77
l4,prefill,1000,p99_ttft,0.01,0.5,0,81,44,77,77,125,0.0,64.8,100.0,21.78
l4,prefill,1000,p99_ttft,0.01,0.4,0,86,39,77,77,125,0.0,68.8,100.0,19.31
l4,prefill,1000,p99_ttft,0.01,0.3,0,87,38,77,77,125,0.0,69.6,100.0,18.81
l4,prefill,1000,p99_ttft,0.01,0.2,0,98,27,77,77,125,0.0,78.4,100.0,13.37
l4,prefill,1000,p99_ttft,0.01,0.1,0,111,14,77,77,125,0.0,88.8,100.0,6.93
l4,prefill,2000,p99_ttft,0.5,1.0,4,11,130,57,61,141,6.56,7.8,97.01,66.34
l4,prefill,2000,p99_ttft,0.5,0.9,4,17,124,57,61,141,6.56,12.06,96.88,63.37
l4,prefill,2000,p99_ttft,0.5,0.8,4,23,118,57,61,141,6.56,16.31,96.72,60.4
l4,prefill,2000,p99_ttft,0.5,0.7,4,29,112,57,61,141,6.56,20.57,96.55,57.43
l4,prefill,2000,p99_ttft,0.5,0.6,2,36,105,59,61,141,3.28,25.53,98.13,52.97
l4,prefill,2000,p99_ttft,0.5,0.5,1,46,95,60,61,141,1.64,32.62,98.96,47.52
l4,prefill,2000,p99_ttft,0.5,0.4,1,58,83,60,61,141,1.64,41.13,98.81,41.58
l4,prefill,2000,p99_ttft,0.5,0.3,0,68,73,61,61,141,0.0,48.23,100.0,36.14
l4,prefill,2000,p99_ttft,0.5,0.2,0,92,49,61,61,141,0.0,65.25,100.0,24.26
l4,prefill,2000,p99_ttft,0.5,0.1,0,118,23,61,61,141,0.0,83.69,100.0,11.39
l4,prefill,2000,p99_ttft,0.4,1.0,4,12,129,57,61,141,6.56,8.51,96.99,65.84
l4,prefill,2000,p99_ttft,0.4,0.9,4,18,123,57,61,141,6.56,12.77,96.85,62.87
l4,prefill,2000,p99_ttft,0.4,0.8,4,24,117,57,61,141,6.56,17.02,96.69,59.9
l4,prefill,2000,p99_ttft,0.4,0.7,4,30,111,57,61,141,6.56,21.28,96.52,56.93
l4,prefill,2000,p99_ttft,0.4,0.6,2,37,104,59,61,141,3.28,26.24,98.11,52.48
l4,prefill,2000,p99_ttft,0.4,0.5,1,47,94,60,61,141,1.64,33.33,98.95,47.03
l4,prefill,2000,p99_ttft,0.4,0.4,1,58,83,60,61,141,1.64,41.13,98.81,41.58
l4,prefill,2000,p99_ttft,0.4,0.3,0,68,73,61,61,141,0.0,48.23,100.0,36.14
l4,prefill,2000,p99_ttft,0.4,0.2,0,92,49,61,61,141,0.0,65.25,100.0,24.26
l4,prefill,2000,p99_ttft,0.4,0.1,0,118,23,61,61,141,0.0,83.69,100.0,11.39
l4,prefill,2000,p99_ttft,0.3,1.0,2,12,129,59,61,141,3.28,8.51,98.47,64.85
l4,prefill,2000,p99_ttft,0.3,0.9,2,18,123,59,61,141,3.28,12.77,98.4,61.88
l4,prefill,2000,p99_ttft,0.3,0.8,2,24,117,59,61,141,3.28,17.02,98.32,58.91
l4,prefill,2000,p99_ttft,0.3,0.7,2,30,111,59,61,141,3.28,21.28,98.23,55.94
l4,prefill,2000,p99_ttft,0.3,0.6,2,37,104,59,61,141,3.28,26.24,98.11,52.48
l4,prefill,2000,p99_ttft,0.3,0.5,1,47,94,60,61,141,1.64,33.33,98.95,47.03
l4,prefill,2000,p99_ttft,0.3,0.4,1,58,83,60,61,141,1.64,41.13,98.81,41.58
l4,prefill,2000,p99_ttft,0.3,0.3,0,68,73,61,61,141,0.0,48.23,100.0,36.14
l4,prefill,2000,p99_ttft,0.3,0.2,0,92,49,61,61,141,0.0,65.25,100.0,24.26
l4,prefill,2000,p99_ttft,0.3,0.1,0,118,23,61,61,141,0.0,83.69,100.0,11.39
l4,prefill,2000,p99_ttft,0.2,1.0,1,14,127,60,61,141,1.64,9.93,99.22,63.37
l4,prefill,2000,p99_ttft,0.2,0.9,1,20,121,60,61,141,1.64,14.18,99.18,60.4
l4,prefill,2000,p99_ttft,0.2,0.8,1,25,116,60,61,141,1.64,17.73,99.15,57.92
l4,prefill,2000,p99_ttft,0.2,0.7,1,31,110,60,61,141,1.64,21.99,99.1,54.95
l4,prefill,2000,p99_ttft,0.2,0.6,1,38,103,60,61,141,1.64,26.95,99.04,51.49
l4,prefill,2000,p99_ttft,0.2,0.5,1,47,94,60,61,141,1.64,33.33,98.95,47.03
l4,prefill,2000,p99_ttft,0.2,0.4,1,58,83,60,61,141,1.64,41.13,98.81,41.58
l4,prefill,2000,p99_ttft,0.2,0.3,0,68,73,61,61,141,0.0,48.23,100.0,36.14
l4,prefill,2000,p99_ttft,0.2,0.2,0,92,49,61,61,141,0.0,65.25,100.0,24.26
l4,prefill,2000,p99_ttft,0.2,0.1,0,118,23,61,61,141,0.0,83.69,100.0,11.39
l4,prefill,2000,p99_ttft,0.15,1.0,1,18,123,60,61,141,1.64,12.77,99.19,61.39
l4,prefill,2000,p99_ttft,0.15,0.9,1,22,119,60,61,141,1.64,15.6,99.17,59.41
l4,prefill,2000,p99_ttft,0.15,0.8,1,26,115,60,61,141,1.64,18.44,99.14,57.43
l4,prefill,2000,p99_ttft,0.15,0.7,1,31,110,60,61,141,1.64,21.99,99.1,54.95
l4,prefill,2000,p99_ttft,0.15,0.6,1,38,103,60,61,141,1.64,26.95,99.04,51.49
l4,prefill,2000,p99_ttft,0.15,0.5,1,47,94,60,61,141,1.64,33.33,98.95,47.03
l4,prefill,2000,p99_ttft,0.15,0.4,1,58,83,60,61,141,1.64,41.13,98.81,41.58
l4,prefill,2000,p99_ttft,0.15,0.3,0,68,73,61,61,141,0.0,48.23,100.0,36.14
l4,prefill,2000,p99_ttft,0.15,0.2,0,92,49,61,61,141,0.0,65.25,100.0,24.26
l4,prefill,2000,p99_ttft,0.15,0.1,0,118,23,61,61,141,0.0,83.69,100.0,11.39
l4,prefill,2000,p99_ttft,0.1,1.0,0,24,117,61,61,141,0.0,17.02,100.0,57.92
l4,prefill,2000,p99_ttft,0.1,0.9,0,28,113,61,61,141,0.0,19.86,100.0,55.94
l4,prefill,2000,p99_ttft,0.1,0.8,0,31,110,61,61,141,0.0,21.99,100.0,54.46
l4,prefill,2000,p99_ttft,0.1,0.7,0,34,107,61,61,141,0.0,24.11,100.0,52.97
l4,prefill,2000,p99_ttft,0.1,0.6,0,40,101,61,61,141,0.0,28.37,100.0,50.0
l4,prefill,2000,p99_ttft,0.1,0.5,0,48,93,61,61,141,0.0,34.04,100.0,46.04
l4,prefill,2000,p99_ttft,0.1,0.4,0,59,82,61,61,141,0.0,41.84,100.0,40.59
l4,prefill,2000,p99_ttft,0.1,0.3,0,68,73,61,61,141,0.0,48.23,100.0,36.14
l4,prefill,2000,p99_ttft,0.1,0.2,0,92,49,61,61,141,0.0,65.25,100.0,24.26
l4,prefill,2000,p99_ttft,0.1,0.1,0,118,23,61,61,141,0.0,83.69,100.0,11.39
l4,prefill,2000,p99_ttft,0.05,1.0,0,33,108,61,61,141,0.0,23.4,100.0,53.47
l4,prefill,2000,p99_ttft,0.05,0.9,0,36,105,61,61,141,0.0,25.53,100.0,51.98
l4,prefill,2000,p99_ttft,0.05,0.8,0,39,102,61,61,141,0.0,27.66,100.0,50.5
l4,prefill,2000,p99_ttft,0.05,0.7,0,42,99,61,61,141,0.0,29.79,100.0,49.01
l4,prefill,2000,p99_ttft,0.05,0.6,0,48,93,61,61,141,0.0,34.04,100.0,46.04
l4,prefill,2000,p99_ttft,0.05,0.5,0,54,87,61,61,141,0.0,38.3,100.0,43.07
l4,prefill,2000,p99_ttft,0.05,0.4,0,63,78,61,61,141,0.0,44.68,100.0,38.61
l4,prefill,2000,p99_ttft,0.05,0.3,0,72,69,61,61,141,0.0,51.06,100.0,34.16
l4,prefill,2000,p99_ttft,0.05,0.2,0,94,47,61,61,141,0.0,66.67,100.0,23.27
l4,prefill,2000,p99_ttft,0.05,0.1,0,118,23,61,61,141,0.0,83.69,100.0,11.39
l4,prefill,2000,p99_ttft,0.02,1.0,0,49,92,61,61,141,0.0,34.75,100.0,45.54
l4,prefill,2000,p99_ttft,0.02,0.9,0,51,90,61,61,141,0.0,36.17,100.0,44.55
l4,prefill,2000,p99_ttft,0.02,0.8,0,54,87,61,61,141,0.0,38.3,100.0,43.07
l4,prefill,2000,p99_ttft,0.02,0.7,0,56,85,61,61,141,0.0,39.72,100.0,42.08
l4,prefill,2000,p99_ttft,0.02,0.6,0,61,80,61,61,141,0.0,43.26,100.0,39.6
l4,prefill,2000,p99_ttft,0.02,0.5,0,66,75,61,61,141,0.0,46.81,100.0,37.13
l4,prefill,2000,p99_ttft,0.02,0.4,0,72,69,61,61,141,0.0,51.06,100.0,34.16
l4,prefill,2000,p99_ttft,0.02,0.3,0,77,64,61,61,141,0.0,54.61,100.0,31.68
l4,prefill,2000,p99_ttft,0.02,0.2,0,97,44,61,61,141,0.0,68.79,100.0,21.78
l4,prefill,2000,p99_ttft,0.02,0.1,0,120,21,61,61,141,0.0,85.11,100.0,10.4
l4,prefill,2000,p99_ttft,0.01,1.0,0,64,77,61,61,141,0.0,45.39,100.0,38.12
l4,prefill,2000,p99_ttft,0.01,0.9,0,66,75,61,61,141,0.0,46.81,100.0,37.13
l4,prefill,2000,p99_ttft,0.01,0.8,0,68,73,61,61,141,0.0,48.23,100.0,36.14
l4,prefill,2000,p99_ttft,0.01,0.7,0,70,71,61,61,141,0.0,49.65,100.0,35.15
l4,prefill,2000,p99_ttft,0.01,0.6,0,73,68,61,61,141,0.0,51.77,100.0,33.66
l4,prefill,2000,p99_ttft,0.01,0.5,0,77,64,61,61,141,0.0,54.61,100.0,31.68
l4,prefill,2000,p99_ttft,0.01,0.4,0,83,58,61,61,141,0.0,58.87,100.0,28.71
l4,prefill,2000,p99_ttft,0.01,0.3,0,87,54,61,61,141,0.0,61.7,100.0,26.73
l4,prefill,2000,p99_ttft,0.01,0.2,0,103,38,61,61,141,0.0,73.05,100.0,18.81
l4,prefill,2000,p99_ttft,0.01,0.1,0,123,18,61,61,141,0.0,87.23,100.0,8.91
l4,decode,200,p99_tpot,0.5,1.0,5,18,121,58,63,139,7.94,12.95,96.03,62.38
l4,decode,200,p99_tpot,0.5,0.9,5,18,121,58,63,139,7.94,12.95,96.03,62.38
l4,decode,200,p99_tpot,0.5,0.8,5,18,121,58,63,139,7.94,12.95,96.03,62.38
l4,decode,200,p99_tpot,0.5,0.7,5,18,121,58,63,139,7.94,12.95,96.03,62.38
l4,decode,200,p99_tpot,0.5,0.6,5,19,120,58,63,139,7.94,13.67,96.0,61.88
l4,decode,200,p99_tpot,0.5,0.5,5,21,118,58,63,139,7.94,15.11,95.93,60.89
l4,decode,200,p99_tpot,0.5,0.4,5,25,114,58,63,139,7.94,17.99,95.8,58.91
l4,decode,200,p99_tpot,0.5,0.3,5,29,110,58,63,139,7.94,20.86,95.65,56.93
l4,decode,200,p99_tpot,0.5,0.2,5,39,100,58,63,139,7.94,28.06,95.24,51.98
l4,decode,200,p99_tpot,0.5,0.1,5,53,86,58,63,139,7.94,38.13,94.51,45.05
l4,decode,200,p99_tpot,0.4,1.0,5,21,118,58,63,139,7.94,15.11,95.93,60.89
l4,decode,200,p99_tpot,0.4,0.9,5,21,118,58,63,139,7.94,15.11,95.93,60.89
l4,decode,200,p99_tpot,0.4,0.8,5,21,118,58,63,139,7.94,15.11,95.93,60.89
l4,decode,200,p99_tpot,0.4,0.7,5,21,118,58,63,139,7.94,15.11,95.93,60.89
l4,decode,200,p99_tpot,0.4,0.6,5,22,117,58,63,139,7.94,15.83,95.9,60.4
l4,decode,200,p99_tpot,0.4,0.5,5,24,115,58,63,139,7.94,17.27,95.83,59.41
l4,decode,200,p99_tpot,0.4,0.4,5,28,111,58,63,139,7.94,20.14,95.69,57.43
l4,decode,200,p99_tpot,0.4,0.3,5,32,107,58,63,139,7.94,23.02,95.54,55.45
l4,decode,200,p99_tpot,0.4,0.2,5,41,98,58,63,139,7.94,29.5,95.15,50.99
l4,decode,200,p99_tpot,0.4,0.1,5,54,85,58,63,139,7.94,38.85,94.44,44.55
l4,decode,200,p99_tpot,0.3,1.0,3,23,116,60,63,139,4.76,16.55,97.48,58.91
l4,decode,200,p99_tpot,0.3,0.9,3,23,116,60,63,139,4.76,16.55,97.48,58.91
l4,decode,200,p99_tpot,0.3,0.8,3,23,116,60,63,139,4.76,16.55,97.48,58.91
l4,decode,200,p99_tpot,0.3,0.7,3,23,116,60,63,139,4.76,16.55,97.48,58.91
l4,decode,200,p99_tpot,0.3,0.6,3,24,115,60,63,139,4.76,17.27,97.46,58.42
l4,decode,200,p99_tpot,0.3,0.5,3,26,113,60,63,139,4.76,18.71,97.41,57.43
l4,decode,200,p99_tpot,0.3,0.4,3,30,109,60,63,139,4.76,21.58,97.32,55.45
l4,decode,200,p99_tpot,0.3,0.3,3,34,105,60,63,139,4.76,24.46,97.22,53.47
l4,decode,200,p99_tpot,0.3,0.2,3,42,97,60,63,139,4.76,30.22,97.0,49.5
l4,decode,200,p99_tpot,0.3,0.1,3,55,84,60,63,139,4.76,39.57,96.55,43.07
l4,decode,200,p99_tpot,0.2,1.0,2,27,112,61,63,139,3.17,19.42,98.25,56.44
l4,decode,200,p99_tpot,0.2,0.9,2,27,112,61,63,139,3.17,19.42,98.25,56.44
l4,decode,200,p99_tpot,0.2,0.8,2,27,112,61,63,139,3.17,19.42,98.25,56.44
l4,decode,200,p99_tpot,0.2,0.7,2,27,112,61,63,139,3.17,19.42,98.25,56.44
l4,decode,200,p99_tpot,0.2,0.6,2,28,111,61,63,139,3.17,20.14,98.23,55.94
l4,decode,200,p99_tpot,0.2,0.5,2,30,109,61,63,139,3.17,21.58,98.2,54.95
l4,decode,200,p99_tpot,0.2,0.4,2,33,106,61,63,139,3.17,23.74,98.15,53.47
l4,decode,200,p99_tpot,0.2,0.3,2,37,102,61,63,139,3.17,26.62,98.08,51.49
l4,decode,200,p99_tpot,0.2,0.2,2,45,94,61,63,139,3.17,32.37,97.92,47.52
l4,decode,200,p99_tpot,0.2,0.1,2,58,81,61,63,139,3.17,41.73,97.59,41.09
l4,decode,200,p99_tpot,0.15,1.0,0,29,110,63,63,139,0.0,20.86,100.0,54.46
l4,decode,200,p99_tpot,0.15,0.9,0,29,110,63,63,139,0.0,20.86,100.0,54.46
l4,decode,200,p99_tpot,0.15,0.8,0,29,110,63,63,139,0.0,20.86,100.0,54.46
l4,decode,200,p99_tpot,0.15,0.7,0,29,110,63,63,139,0.0,20.86,100.0,54.46
l4,decode,200,p99_tpot,0.15,0.6,0,30,109,63,63,139,0.0,21.58,100.0,53.96
l4,decode,200,p99_tpot,0.15,0.5,0,32,107,63,63,139,0.0,23.02,100.0,52.97
l4,decode,200,p99_tpot,0.15,0.4,0,35,104,63,63,139,0.0,25.18,100.0,51.49
l4,decode,200,p99_tpot,0.15,0.3,0,38,101,63,63,139,0.0,27.34,100.0,50.0
l4,decode,200,p99_tpot,0.15,0.2,0,46,93,63,63,139,0.0,33.09,100.0,46.04
l4,decode,200,p99_tpot,0.15,0.1,0,58,81,63,63,139,0.0,41.73,100.0,40.1
l4,decode,200,p99_tpot,0.1,1.0,0,35,104,63,63,139,0.0,25.18,100.0,51.49
l4,decode,200,p99_tpot,0.1,0.9,0,35,104,63,63,139,0.0,25.18,100.0,51.49
l4,decode,200,p99_tpot,0.1,0.8,0,35,104,63,63,139,0.0,25.18,100.0,51.49
l4,decode,200,p99_tpot,0.1,0.7,0,35,104,63,63,139,0.0,25.18,100.0,51.49
l4,decode,200,p99_tpot,0.1,0.6,0,36,103,63,63,139,0.0,25.9,100.0,50.99
l4,decode,200,p99_tpot,0.1,0.5,0,38,101,63,63,139,0.0,27.34,100.0,50.0
l4,decode,200,p99_tpot,0.1,0.4,0,40,99,63,63,139,0.0,28.78,100.0,49.01
l4,decode,200,p99_tpot,0.1,0.3,0,43,96,63,63,139,0.0,30.94,100.0,47.52
l4,decode,200,p99_tpot,0.1,0.2,0,51,88,63,63,139,0.0,36.69,100.0,43.56
l4,decode,200,p99_tpot,0.1,0.1,0,63,76,63,63,139,0.0,45.32,100.0,37.62
l4,decode,200,p99_tpot,0.05,1.0,0,44,95,63,63,139,0.0,31.65,100.0,47.03
l4,decode,200,p99_tpot,0.05,0.9,0,44,95,63,63,139,0.0,31.65,100.0,47.03
l4,decode,200,p99_tpot,0.05,0.8,0,44,95,63,63,139,0.0,31.65,100.0,47.03
l4,decode,200,p99_tpot,0.05,0.7,0,44,95,63,63,139,0.0,31.65,100.0,47.03
l4,decode,200,p99_tpot,0.05,0.6,0,44,95,63,63,139,0.0,31.65,100.0,47.03
l4,decode,200,p99_tpot,0.05,0.5,0,46,93,63,63,139,0.0,33.09,100.0,46.04
l4,decode,200,p99_tpot,0.05,0.4,0,48,91,63,63,139,0.0,34.53,100.0,45.05
l4,decode,200,p99_tpot,0.05,0.3,0,51,88,63,63,139,0.0,36.69,100.0,43.56
l4,decode,200,p99_tpot,0.05,0.2,0,58,81,63,63,139,0.0,41.73,100.0,40.1
l4,decode,200,p99_tpot,0.05,0.1,0,70,69,63,63,139,0.0,50.36,100.0,34.16
l4,decode,200,p99_tpot,0.02,1.0,0,62,77,63,63,139,0.0,44.6,100.0,38.12
l4,decode,200,p99_tpot,0.02,0.9,0,62,77,63,63,139,0.0,44.6,100.0,38.12
l4,decode,200,p99_tpot,0.02,0.8,0,62,77,63,63,139,0.0,44.6,100.0,38.12
l4,decode,200,p99_tpot,0.02,0.7,0,62,77,63,63,139,0.0,44.6,100.0,38.12
l4,decode,200,p99_tpot,0.02,0.6,0,62,77,63,63,139,0.0,44.6,100.0,38.12
l4,decode,200,p99_tpot,0.02,0.5,0,63,76,63,63,139,0.0,45.32,100.0,37.62
l4,decode,200,p99_tpot,0.02,0.4,0,65,74,63,63,139,0.0,46.76,100.0,36.63
l4,decode,200,p99_tpot,0.02,0.3,0,68,71,63,63,139,0.0,48.92,100.0,35.15
l4,decode,200,p99_tpot,0.02,0.2,0,73,66,63,63,139,0.0,52.52,100.0,32.67
l4,decode,200,p99_tpot,0.02,0.1,0,81,58,63,63,139,0.0,58.27,100.0,28.71
l4,decode,200,p99_tpot,0.01,1.0,0,69,70,63,63,139,0.0,49.64,100.0,34.65
l4,decode,200,p99_tpot,0.01,0.9,0,69,70,63,63,139,0.0,49.64,100.0,34.65
l4,decode,200,p99_tpot,0.01,0.8,0,69,70,63,63,139,0.0,49.64,100.0,34.65
l4,decode,200,p99_tpot,0.01,0.7,0,69,70,63,63,139,0.0,49.64,100.0,34.65
l4,decode,200,p99_tpot,0.01,0.6,0,69,70,63,63,139,0.0,49.64,100.0,34.65
l4,decode,200,p99_tpot,0.01,0.5,0,70,69,63,63,139,0.0,50.36,100.0,34.16
l4,decode,200,p99_tpot,0.01,0.4,0,71,68,63,63,139,0.0,51.08,100.0,33.66
l4,decode,200,p99_tpot,0.01,0.3,0,74,65,63,63,139,0.0,53.24,100.0,32.18
l4,decode,200,p99_tpot,0.01,0.2,0,79,60,63,63,139,0.0,56.83,100.0,29.7
l4,decode,200,p99_tpot,0.01,0.1,0,87,52,63,63,139,0.0,62.59,100.0,25.74
l4,decode,500,p99_tpot,0.5,1.0,9,38,152,3,12,190,75.0,20.0,94.41,79.7
l4,decode,500,p99_tpot,0.5,0.9,8,39,151,4,12,190,66.67,20.53,94.97,78.71
l4,decode,500,p99_tpot,0.5,0.8,8,40,150,4,12,190,66.67,21.05,94.94,78.22
l4,decode,500,p99_tpot,0.5,0.7,8,40,150,4,12,190,66.67,21.05,94.94,78.22
l4,decode,500,p99_tpot,0.5,0.6,8,42,148,4,12,190,66.67,22.11,94.87,77.23
l4,decode,500,p99_tpot,0.5,0.5,8,47,143,4,12,190,66.67,24.74,94.7,74.75
l4,decode,500,p99_tpot,0.5,0.4,8,53,137,4,12,190,66.67,27.89,94.48,71.78
l4,decode,500,p99_tpot,0.5,0.3,8,59,131,4,12,190,66.67,31.05,94.24,68.81
l4,decode,500,p99_tpot,0.5,0.2,8,73,117,4,12,190,66.67,38.42,93.6,61.88
l4,decode,500,p99_tpot,0.5,0.1,5,94,96,7,12,190,41.67,49.47,95.05,50.0
l4,decode,500,p99_tpot,0.4,1.0,9,38,152,3,12,190,75.0,20.0,94.41,79.7
l4,decode,500,p99_tpot,0.4,0.9,8,39,151,4,12,190,66.67,20.53,94.97,78.71
l4,decode,500,p99_tpot,0.4,0.8,8,40,150,4,12,190,66.67,21.05,94.94,78.22
l4,decode,500,p99_tpot,0.4,0.7,8,40,150,4,12,190,66.67,21.05,94.94,78.22
l4,decode,500,p99_tpot,0.4,0.6,8,42,148,4,12,190,66.67,22.11,94.87,77.23
l4,decode,500,p99_tpot,0.4,0.5,8,47,143,4,12,190,66.67,24.74,94.7,74.75
l4,decode,500,p99_tpot,0.4,0.4,8,53,137,4,12,190,66.67,27.89,94.48,71.78
l4,decode,500,p99_tpot,0.4,0.3,8,59,131,4,12,190,66.67,31.05,94.24,68.81
l4,decode,500,p99_tpot,0.4,0.2,8,73,117,4,12,190,66.67,38.42,93.6,61.88
l4,decode,500,p99_tpot,0.4,0.1,5,94,96,7,12,190,41.67,49.47,95.05,50.0
l4,decode,500,p99_tpot,0.3,1.0,9,38,152,3,12,190,75.0,20.0,94.41,79.7
l4,decode,500,p99_tpot,0.3,0.9,8,39,151,4,12,190,66.67,20.53,94.97,78.71
l4,decode,500,p99_tpot,0.3,0.8,8,40,150,4,12,190,66.67,21.05,94.94,78.22
l4,decode,500,p99_tpot,0.3,0.7,8,40,150,4,12,190,66.67,21.05,94.94,78.22
l4,decode,500,p99_tpot,0.3,0.6,8,42,148,4,12,190,66.67,22.11,94.87,77.23
l4,decode,500,p99_tpot,0.3,0.5,8,47,143,4,12,190,66.67,24.74,94.7,74.75
l4,decode,500,p99_tpot,0.3,0.4,8,53,137,4,12,190,66.67,27.89,94.48,71.78
l4,decode,500,p99_tpot,0.3,0.3,8,59,131,4,12,190,66.67,31.05,94.24,68.81
l4,decode,500,p99_tpot,0.3,0.2,8,73,117,4,12,190,66.67,38.42,93.6,61.88
l4,decode,500,p99_tpot,0.3,0.1,5,94,96,7,12,190,41.67,49.47,95.05,50.0
l4,decode,500,p99_tpot,0.2,1.0,9,41,149,3,12,190,75.0,21.58,94.3,78.22
l4,decode,500,p99_tpot,0.2,0.9,8,42,148,4,12,190,66.67,22.11,94.87,77.23
l4,decode,500,p99_tpot,0.2,0.8,8,43,147,4,12,190,66.67,22.63,94.84,76.73
l4,decode,500,p99_tpot,0.2,0.7,8,43,147,4,12,190,66.67,22.63,94.84,76.73
l4,decode,500,p99_tpot,0.2,0.6,8,45,145,4,12,190,66.67,23.68,94.77,75.74
l4,decode,500,p99_tpot,0.2,0.5,8,50,140,4,12,190,66.67,26.32,94.59,73.27
l4,decode,500,p99_tpot,0.2,0.4,8,55,135,4,12,190,66.67,28.95,94.41,70.79
l4,decode,500,p99_tpot,0.2,0.3,8,61,129,4,12,190,66.67,32.11,94.16,67.82
l4,decode,500,p99_tpot,0.2,0.2,8,75,115,4,12,190,66.67,39.47,93.5,60.89
l4,decode,500,p99_tpot,0.2,0.1,5,96,94,7,12,190,41.67,50.53,94.95,49.01
l4,decode,500,p99_tpot,0.15,1.0,9,41,149,3,12,190,75.0,21.58,94.3,78.22
l4,decode,500,p99_tpot,0.15,0.9,8,42,148,4,12,190,66.67,22.11,94.87,77.23
l4,decode,500,p99_tpot,0.15,0.8,8,43,147,4,12,190,66.67,22.63,94.84,76.73
l4,decode,500,p99_tpot,0.15,0.7,8,43,147,4,12,190,66.67,22.63,94.84,76.73
l4,decode,500,p99_tpot,0.15,0.6,8,45,145,4,12,190,66.67,23.68,94.77,75.74
l4,decode,500,p99_tpot,0.15,0.5,8,50,140,4,12,190,66.67,26.32,94.59,73.27
l4,decode,500,p99_tpot,0.15,0.4,8,55,135,4,12,190,66.67,28.95,94.41,70.79
l4,decode,500,p99_tpot,0.15,0.3,8,61,129,4,12,190,66.67,32.11,94.16,67.82
l4,decode,500,p99_tpot,0.15,0.2,8,75,115,4,12,190,66.67,39.47,93.5,60.89
l4,decode,500,p99_tpot,0.15,0.1,5,96,94,7,12,190,41.67,50.53,94.95,49.01
l4,decode,500,p99_tpot,0.1,1.0,9,43,147,3,12,190,75.0,22.63,94.23,77.23
l4,decode,500,p99_tpot,0.1,0.9,8,44,146,4,12,190,66.67,23.16,94.81,76.24
l4,decode,500,p99_tpot,0.1,0.8,8,45,145,4,12,190,66.67,23.68,94.77,75.74
l4,decode,500,p99_tpot,0.1,0.7,8,45,145,4,12,190,66.67,23.68,94.77,75.74
l4,decode,500,p99_tpot,0.1,0.6,8,47,143,4,12,190,66.67,24.74,94.7,74.75
l4,decode,500,p99_tpot,0.1,0.5,8,51,139,4,12,190,66.67,26.84,94.56,72.77
l4,decode,500,p99_tpot,0.1,0.4,8,56,134,4,12,190,66.67,29.47,94.37,70.3
l4,decode,500,p99_tpot,0.1,0.3,8,62,128,4,12,190,66.67,32.63,94.12,67.33
l4,decode,500,p99_tpot,0.1,0.2,8,76,114,4,12,190,66.67,40.0,93.44,60.4
l4,decode,500,p99_tpot,0.1,0.1,5,97,93,7,12,190,41.67,51.05,94.9,48.51
l4,decode,500,p99_tpot,0.05,1.0,9,50,140,3,12,190,75.0,26.32,93.96,73.76
l4,decode,500,p99_tpot,0.05,0.9,8,51,139,4,12,190,66.67,26.84,94.56,72.77
l4,decode,500,p99_tpot,0.05,0.8,8,52,138,4,12,190,66.67,27.37,94.52,72.28
l4,decode,500,p99_tpot,0.05,0.7,8,52,138,4,12,190,66.67,27.37,94.52,72.28
l4,decode,500,p99_tpot,0.05,0.6,8,54,136,4,12,190,66.67,28.42,94.44,71.29
l4,decode,500,p99_tpot,0.05,0.5,8,57,133,4,12,190,66.67,30.0,94.33,69.8
l4,decode,500,p99_tpot,0.05,0.4,8,62,128,4,12,190,66.67,32.63,94.12,67.33
l4,decode,500,p99_tpot,0.05,0.3,8,68,122,4,12,190,66.67,35.79,93.85,64.36
l4,decode,500,p99_tpot,0.05,0.2,8,82,108,4,12,190,66.67,43.16,93.1,57.43
l4,decode,500,p99_tpot,0.05,0.1,5,101,89,7,12,190,41.67,53.16,94.68,46.53
l4,decode,500,p99_tpot,0.02,1.0,5,61,129,7,12,190,41.67,32.11,96.27,66.34
l4,decode,500,p99_tpot,0.02,0.9,4,61,129,8,12,190,33.33,32.11,96.99,65.84
l4,decode,500,p99_tpot,0.02,0.8,4,62,128,8,12,190,33.33,32.63,96.97,65.35
l4,decode,500,p99_tpot,0.02,0.7,4,62,128,8,12,190,33.33,32.63,96.97,65.35
l4,decode,500,p99_tpot,0.02,0.6,4,63,127,8,12,190,33.33,33.16,96.95,64.85
l4,decode,500,p99_tpot,0.02,0.5,4,66,124,8,12,190,33.33,34.74,96.88,63.37
l4,decode,500,p99_tpot,0.02,0.4,4,71,119,8,12,190,33.33,37.37,96.75,60.89
l4,decode,500,p99_tpot,0.02,0.3,4,76,114,8,12,190,33.33,40.0,96.61,58.42
l4,decode,500,p99_tpot,0.02,0.2,4,87,103,8,12,190,33.33,45.79,96.26,52.97
l4,decode,500,p99_tpot,0.02,0.1,1,104,86,11,12,190,8.33,54.74,98.85,43.07
l4,decode,500,p99_tpot,0.01,1.0,4,76,114,8,12,190,33.33,40.0,96.61,58.42
l4,decode,500,p99_tpot,0.01,0.9,3,76,114,9,12,190,25.0,40.0,97.44,57.92
l4,decode,500,p99_tpot,0.01,0.8,3,76,114,9,12,190,25.0,40.0,97.44,57.92
l4,decode,500,p99_tpot,0.01,0.7,3,76,114,9,12,190,25.0,40.0,97.44,57.92
l4,decode,500,p99_tpot,0.01,0.6,3,76,114,9,12,190,25.0,40.0,97.44,57.92
l4,decode,500,p99_tpot,0.01,0.5,3,78,112,9,12,190,25.0,41.05,97.39,56.93
l4,decode,500,p99_tpot,0.01,0.4,3,81,109,9,12,190,25.0,42.63,97.32,55.45
l4,decode,500,p99_tpot,0.01,0.3,3,86,104,9,12,190,25.0,45.26,97.2,52.97
l4,decode,500,p99_tpot,0.01,0.2,3,94,96,9,12,190,25.0,49.47,96.97,49.01
l4,decode,500,p99_tpot,0.01,0.1,1,111,79,11,12,190,8.33,58.42,98.75,39.6
l4,decode,1000,p99_tpot,0.5,1.0,1,30,171,0,1,201,100.0,14.93,99.42,85.15
l4,decode,1000,p99_tpot,0.5,0.9,1,32,169,0,1,201,100.0,15.92,99.41,84.16
l4,decode,1000,p99_tpot,0.5,0.8,1,33,168,0,1,201,100.0,16.42,99.41,83.66
l4,decode,1000,p99_tpot,0.5,0.7,1,33,168,0,1,201,100.0,16.42,99.41,83.66
l4,decode,1000,p99_tpot,0.5,0.6,1,35,166,0,1,201,100.0,17.41,99.4,82.67
l4,decode,1000,p99_tpot,0.5,0.5,1,40,161,0,1,201,100.0,19.9,99.38,80.2
l4,decode,1000,p99_tpot,0.5,0.4,1,47,154,0,1,201,100.0,23.38,99.35,76.73
l4,decode,1000,p99_tpot,0.5,0.3,1,53,148,0,1,201,100.0,26.37,99.33,73.76
l4,decode,1000,p99_tpot,0.5,0.2,1,68,133,0,1,201,100.0,33.83,99.25,66.34
l4,decode,1000,p99_tpot,0.5,0.1,1,94,107,0,1,201,100.0,46.77,99.07,53.47
l4,decode,1000,p99_tpot,0.4,1.0,1,30,171,0,1,201,100.0,14.93,99.42,85.15
l4,decode,1000,p99_tpot,0.4,0.9,1,32,169,0,1,201,100.0,15.92,99.41,84.16
l4,decode,1000,p99_tpot,0.4,0.8,1,33,168,0,1,201,100.0,16.42,99.41,83.66
l4,decode,1000,p99_tpot,0.4,0.7,1,33,168,0,1,201,100.0,16.42,99.41,83.66
l4,decode,1000,p99_tpot,0.4,0.6,1,35,166,0,1,201,100.0,17.41,99.4,82.67
l4,decode,1000,p99_tpot,0.4,0.5,1,40,161,0,1,201,100.0,19.9,99.38,80.2
l4,decode,1000,p99_tpot,0.4,0.4,1,47,154,0,1,201,100.0,23.38,99.35,76.73
l4,decode,1000,p99_tpot,0.4,0.3,1,53,148,0,1,201,100.0,26.37,99.33,73.76
l4,decode,1000,p99_tpot,0.4,0.2,1,68,133,0,1,201,100.0,33.83,99.25,66.34
l4,decode,1000,p99_tpot,0.4,0.1,1,94,107,0,1,201,100.0,46.77,99.07,53.47
l4,decode,1000,p99_tpot,0.3,1.0,1,30,171,0,1,201,100.0,14.93,99.42,85.15
l4,decode,1000,p99_tpot,0.3,0.9,1,32,169,0,1,201,100.0,15.92,99.41,84.16
l4,decode,1000,p99_tpot,0.3,0.8,1,33,168,0,1,201,100.0,16.42,99.41,83.66
l4,decode,1000,p99_tpot,0.3,0.7,1,33,168,0,1,201,100.0,16.42,99.41,83.66
l4,decode,1000,p99_tpot,0.3,0.6,1,35,166,0,1,201,100.0,17.41,99.4,82.67
l4,decode,1000,p99_tpot,0.3,0.5,1,40,161,0,1,201,100.0,19.9,99.38,80.2
l4,decode,1000,p99_tpot,0.3,0.4,1,47,154,0,1,201,100.0,23.38,99.35,76.73
l4,decode,1000,p99_tpot,0.3,0.3,1,53,148,0,1,201,100.0,26.37,99.33,73.76
l4,decode,1000,p99_tpot,0.3,0.2,1,68,133,0,1,201,100.0,33.83,99.25,66.34
l4,decode,1000,p99_tpot,0.3,0.1,1,94,107,0,1,201,100.0,46.77,99.07,53.47
l4,decode,1000,p99_tpot,0.2,1.0,1,30,171,0,1,201,100.0,14.93,99.42,85.15
l4,decode,1000,p99_tpot,0.2,0.9,1,32,169,0,1,201,100.0,15.92,99.41,84.16
l4,decode,1000,p99_tpot,0.2,0.8,1,33,168,0,1,201,100.0,16.42,99.41,83.66
l4,decode,1000,p99_tpot,0.2,0.7,1,33,168,0,1,201,100.0,16.42,99.41,83.66
l4,decode,1000,p99_tpot,0.2,0.6,1,35,166,0,1,201,100.0,17.41,99.4,82.67
l4,decode,1000,p99_tpot,0.2,0.5,1,40,161,0,1,201,100.0,19.9,99.38,80.2
l4,decode,1000,p99_tpot,0.2,0.4,1,47,154,0,1,201,100.0,23.38,99.35,76.73
l4,decode,1000,p99_tpot,0.2,0.3,1,53,148,0,1,201,100.0,26.37,99.33,73.76
l4,decode,1000,p99_tpot,0.2,0.2,1,68,133,0,1,201,100.0,33.83,99.25,66.34
l4,decode,1000,p99_tpot,0.2,0.1,1,94,107,0,1,201,100.0,46.77,99.07,53.47
l4,decode,1000,p99_tpot,0.15,1.0,1,30,171,0,1,201,100.0,14.93,99.42,85.15
l4,decode,1000,p99_tpot,0.15,0.9,1,32,169,0,1,201,100.0,15.92,99.41,84.16
l4,decode,1000,p99_tpot,0.15,0.8,1,33,168,0,1,201,100.0,16.42,99.41,83.66
l4,decode,1000,p99_tpot,0.15,0.7,1,33,168,0,1,201,100.0,16.42,99.41,83.66
l4,decode,1000,p99_tpot,0.15,0.6,1,35,166,0,1,201,100.0,17.41,99.4,82.67
l4,decode,1000,p99_tpot,0.15,0.5,1,40,161,0,1,201,100.0,19.9,99.38,80.2
l4,decode,1000,p99_tpot,0.15,0.4,1,47,154,0,1,201,100.0,23.38,99.35,76.73
l4,decode,1000,p99_tpot,0.15,0.3,1,53,148,0,1,201,100.0,26.37,99.33,73.76
l4,decode,1000,p99_tpot,0.15,0.2,1,68,133,0,1,201,100.0,33.83,99.25,66.34
l4,decode,1000,p99_tpot,0.15,0.1,1,94,107,0,1,201,100.0,46.77,99.07,53.47
l4,decode,1000,p99_tpot,0.1,1.0,1,30,171,0,1,201,100.0,14.93,99.42,85.15
l4,decode,1000,p99_tpot,0.1,0.9,1,32,169,0,1,201,100.0,15.92,99.41,84.16
l4,decode,1000,p99_tpot,0.1,0.8,1,33,168,0,1,201,100.0,16.42,99.41,83.66
l4,decode,1000,p99_tpot,0.1,0.7,1,33,168,0,1,201,100.0,16.42,99.41,83.66
l4,decode,1000,p99_tpot,0.1,0.6,1,35,166,0,1,201,100.0,17.41,99.4,82.67
l4,decode,1000,p99_tpot,0.1,0.5,1,40,161,0,1,201,100.0,19.9,99.38,80.2
l4,decode,1000,p99_tpot,0.1,0.4,1,47,154,0,1,201,100.0,23.38,99.35,76.73
l4,decode,1000,p99_tpot,0.1,0.3,1,53,148,0,1,201,100.0,26.37,99.33,73.76
l4,decode,1000,p99_tpot,0.1,0.2,1,68,133,0,1,201,100.0,33.83,99.25,66.34
l4,decode,1000,p99_tpot,0.1,0.1,1,94,107,0,1,201,100.0,46.77,99.07,53.47
l4,decode,1000,p99_tpot,0.05,1.0,1,30,171,0,1,201,100.0,14.93,99.42,85.15
l4,decode,1000,p99_tpot,0.05,0.9,1,32,169,0,1,201,100.0,15.92,99.41,84.16
l4,decode,1000,p99_tpot,0.05,0.8,1,33,168,0,1,201,100.0,16.42,99.41,83.66
l4,decode,1000,p99_tpot,0.05,0.7,1,33,168,0,1,201,100.0,16.42,99.41,83.66
l4,decode,1000,p99_tpot,0.05,0.6,1,35,166,0,1,201,100.0,17.41,99.4,82.67
l4,decode,1000,p99_tpot,0.05,0.5,1,40,161,0,1,201,100.0,19.9,99.38,80.2
l4,decode,1000,p99_tpot,0.05,0.4,1,47,154,0,1,201,100.0,23.38,99.35,76.73
l4,decode,1000,p99_tpot,0.05,0.3,1,53,148,0,1,201,100.0,26.37,99.33,73.76
l4,decode,1000,p99_tpot,0.05,0.2,1,68,133,0,1,201,100.0,33.83,99.25,66.34
l4,decode,1000,p99_tpot,0.05,0.1,1,94,107,0,1,201,100.0,46.77,99.07,53.47
l4,decode,1000,p99_tpot,0.02,1.0,1,31,170,0,1,201,100.0,15.42,99.42,84.65
l4,decode,1000,p99_tpot,0.02,0.9,1,33,168,0,1,201,100.0,16.42,99.41,83.66
l4,decode,1000,p99_tpot,0.02,0.8,1,34,167,0,1,201,100.0,16.92,99.4,83.17
l4,decode,1000,p99_tpot,0.02,0.7,1,34,167,0,1,201,100.0,16.92,99.4,83.17
l4,decode,1000,p99_tpot,0.02,0.6,1,36,165,0,1,201,100.0,17.91,99.4,82.18
l4,decode,1000,p99_tpot,0.02,0.5,1,41,160,0,1,201,100.0,20.4,99.38,79.7
l4,decode,1000,p99_tpot,0.02,0.4,1,48,153,0,1,201,100.0,23.88,99.35,76.24
l4,decode,1000,p99_tpot,0.02,0.3,1,54,147,0,1,201,100.0,26.87,99.32,73.27
l4,decode,1000,p99_tpot,0.02,0.2,1,69,132,0,1,201,100.0,34.33,99.25,65.84
l4,decode,1000,p99_tpot,0.02,0.1,1,95,106,0,1,201,100.0,47.26,99.07,52.97
l4,decode,1000,p99_tpot,0.01,1.0,1,31,170,0,1,201,100.0,15.42,99.42,84.65
l4,decode,1000,p99_tpot,0.01,0.9,1,33,168,0,1,201,100.0,16.42,99.41,83.66
l4,decode,1000,p99_tpot,0.01,0.8,1,34,167,0,1,201,100.0,16.92,99.4,83.17
l4,decode,1000,p99_tpot,0.01,0.7,1,34,167,0,1,201,100.0,16.92,99.4,83.17
l4,decode,1000,p99_tpot,0.01,0.6,1,36,165,0,1,201,100.0,17.91,99.4,82.18
l4,decode,1000,p99_tpot,0.01,0.5,1,41,160,0,1,201,100.0,20.4,99.38,79.7
l4,decode,1000,p99_tpot,0.01,0.4,1,48,153,0,1,201,100.0,23.88,99.35,76.24
l4,decode,1000,p99_tpot,0.01,0.3,1,54,147,0,1,201,100.0,26.87,99.32,73.27
l4,decode,1000,p99_tpot,0.01,0.2,1,69,132,0,1,201,100.0,34.33,99.25,65.84
l4,decode,1000,p99_tpot,0.01,0.1,1,95,106,0,1,201,100.0,47.26,99.07,52.97
l4,decode,2000,p99_tpot,0.5,1.0,0,30,172,0,0,202,0.0,14.85,100.0,85.15
l4,decode,2000,p99_tpot,0.5,0.9,0,32,170,0,0,202,0.0,15.84,100.0,84.16
l4,decode,2000,p99_tpot,0.5,0.8,0,33,169,0,0,202,0.0,16.34,100.0,83.66
l4,decode,2000,p99_tpot,0.5,0.7,0,33,169,0,0,202,0.0,16.34,100.0,83.66
l4,decode,2000,p99_tpot,0.5,0.6,0,35,167,0,0,202,0.0,17.33,100.0,82.67
l4,decode,2000,p99_tpot,0.5,0.5,0,40,162,0,0,202,0.0,19.8,100.0,80.2
l4,decode,2000,p99_tpot,0.5,0.4,0,47,155,0,0,202,0.0,23.27,100.0,76.73
l4,decode,2000,p99_tpot,0.5,0.3,0,53,149,0,0,202,0.0,26.24,100.0,73.76
l4,decode,2000,p99_tpot,0.5,0.2,0,68,134,0,0,202,0.0,33.66,100.0,66.34
l4,decode,2000,p99_tpot,0.5,0.1,0,94,108,0,0,202,0.0,46.53,100.0,53.47
l4,decode,2000,p99_tpot,0.4,1.0,0,30,172,0,0,202,0.0,14.85,100.0,85.15
l4,decode,2000,p99_tpot,0.4,0.9,0,32,170,0,0,202,0.0,15.84,100.0,84.16
l4,decode,2000,p99_tpot,0.4,0.8,0,33,169,0,0,202,0.0,16.34,100.0,83.66
l4,decode,2000,p99_tpot,0.4,0.7,0,33,169,0,0,202,0.0,16.34,100.0,83.66
l4,decode,2000,p99_tpot,0.4,0.6,0,35,167,0,0,202,0.0,17.33,100.0,82.67
l4,decode,2000,p99_tpot,0.4,0.5,0,40,162,0,0,202,0.0,19.8,100.0,80.2
l4,decode,2000,p99_tpot,0.4,0.4,0,47,155,0,0,202,0.0,23.27,100.0,76.73
l4,decode,2000,p99_tpot,0.4,0.3,0,53,149,0,0,202,0.0,26.24,100.0,73.76
l4,decode,2000,p99_tpot,0.4,0.2,0,68,134,0,0,202,0.0,33.66,100.0,66.34
l4,decode,2000,p99_tpot,0.4,0.1,0,94,108,0,0,202,0.0,46.53,100.0,53.47
l4,decode,2000,p99_tpot,0.3,1.0,0,30,172,0,0,202,0.0,14.85,100.0,85.15
l4,decode,2000,p99_tpot,0.3,0.9,0,32,170,0,0,202,0.0,15.84,100.0,84.16
l4,decode,2000,p99_tpot,0.3,0.8,0,33,169,0,0,202,0.0,16.34,100.0,83.66
l4,decode,2000,p99_tpot,0.3,0.7,0,33,169,0,0,202,0.0,16.34,100.0,83.66
l4,decode,2000,p99_tpot,0.3,0.6,0,35,167,0,0,202,0.0,17.33,100.0,82.67
l4,decode,2000,p99_tpot,0.3,0.5,0,40,162,0,0,202,0.0,19.8,100.0,80.2
l4,decode,2000,p99_tpot,0.3,0.4,0,47,155,0,0,202,0.0,23.27,100.0,76.73
l4,decode,2000,p99_tpot,0.3,0.3,0,53,149,0,0,202,0.0,26.24,100.0,73.76
l4,decode,2000,p99_tpot,0.3,0.2,0,68,134,0,0,202,0.0,33.66,100.0,66.34
l4,decode,2000,p99_tpot,0.3,0.1,0,94,108,0,0,202,0.0,46.53,100.0,53.47
l4,decode,2000,p99_tpot,0.2,1.0,0,30,172,0,0,202,0.0,14.85,100.0,85.15
l4,decode,2000,p99_tpot,0.2,0.9,0,32,170,0,0,202,0.0,15.84,100.0,84.16
l4,decode,2000,p99_tpot,0.2,0.8,0,33,169,0,0,202,0.0,16.34,100.0,83.66
l4,decode,2000,p99_tpot,0.2,0.7,0,33,169,0,0,202,0.0,16.34,100.0,83.66
l4,decode,2000,p99_tpot,0.2,0.6,0,35,167,0,0,202,0.0,17.33,100.0,82.67
l4,decode,2000,p99_tpot,0.2,0.5,0,40,162,0,0,202,0.0,19.8,100.0,80.2
l4,decode,2000,p99_tpot,0.2,0.4,0,47,155,0,0,202,0.0,23.27,100.0,76.73
l4,decode,2000,p99_tpot,0.2,0.3,0,53,149,0,0,202,0.0,26.24,100.0,73.76
l4,decode,2000,p99_tpot,0.2,0.2,0,68,134,0,0,202,0.0,33.66,100.0,66.34
l4,decode,2000,p99_tpot,0.2,0.1,0,94,108,0,0,202,0.0,46.53,100.0,53.47
l4,decode,2000,p99_tpot,0.15,1.0,0,30,172,0,0,202,0.0,14.85,100.0,85.15
l4,decode,2000,p99_tpot,0.15,0.9,0,32,170,0,0,202,0.0,15.84,100.0,84.16
l4,decode,2000,p99_tpot,0.15,0.8,0,33,169,0,0,202,0.0,16.34,100.0,83.66
l4,decode,2000,p99_tpot,0.15,0.7,0,33,169,0,0,202,0.0,16.34,100.0,83.66
l4,decode,2000,p99_tpot,0.15,0.6,0,35,167,0,0,202,0.0,17.33,100.0,82.67
l4,decode,2000,p99_tpot,0.15,0.5,0,40,162,0,0,202,0.0,19.8,100.0,80.2
l4,decode,2000,p99_tpot,0.15,0.4,0,47,155,0,0,202,0.0,23.27,100.0,76.73
l4,decode,2000,p99_tpot,0.15,0.3,0,53,149,0,0,202,0.0,26.24,100.0,73.76
l4,decode,2000,p99_tpot,0.15,0.2,0,68,134,0,0,202,0.0,33.66,100.0,66.34
l4,decode,2000,p99_tpot,0.15,0.1,0,94,108,0,0,202,0.0,46.53,100.0,53.47
l4,decode,2000,p99_tpot,0.1,1.0,0,30,172,0,0,202,0.0,14.85,100.0,85.15
l4,decode,2000,p99_tpot,0.1,0.9,0,32,170,0,0,202,0.0,15.84,100.0,84.16
l4,decode,2000,p99_tpot,0.1,0.8,0,33,169,0,0,202,0.0,16.34,100.0,83.66
l4,decode,2000,p99_tpot,0.1,0.7,0,33,169,0,0,202,0.0,16.34,100.0,83.66
l4,decode,2000,p99_tpot,0.1,0.6,0,35,167,0,0,202,0.0,17.33,100.0,82.67
l4,decode,2000,p99_tpot,0.1,0.5,0,40,162,0,0,202,0.0,19.8,100.0,80.2
l4,decode,2000,p99_tpot,0.1,0.4,0,47,155,0,0,202,0.0,23.27,100.0,76.73
l4,decode,2000,p99_tpot,0.1,0.3,0,53,149,0,0,202,0.0,26.24,100.0,73.76
l4,decode,2000,p99_tpot,0.1,0.2,0,68,134,0,0,202,0.0,33.66,100.0,66.34
l4,decode,2000,p99_tpot,0.1,0.1,0,94,108,0,0,202,0.0,46.53,100.0,53.47
l4,decode,2000,p99_tpot,0.05,1.0,0,30,172,0,0,202,0.0,14.85,100.0,85.15
l4,decode,2000,p99_tpot,0.05,0.9,0,32,170,0,0,202,0.0,15.84,100.0,84.16
l4,decode,2000,p99_tpot,0.05,0.8,0,33,169,0,0,202,0.0,16.34,100.0,83.66
l4,decode,2000,p99_tpot,0.05,0.7,0,33,169,0,0,202,0.0,16.34,100.0,83.66
l4,decode,2000,p99_tpot,0.05,0.6,0,35,167,0,0,202,0.0,17.33,100.0,82.67
l4,decode,2000,p99_tpot,0.05,0.5,0,40,162,0,0,202,0.0,19.8,100.0,80.2
l4,decode,2000,p99_tpot,0.05,0.4,0,47,155,0,0,202,0.0,23.27,100.0,76.73
l4,decode,2000,p99_tpot,0.05,0.3,0,53,149,0,0,202,0.0,26.24,100.0,73.76
l4,decode,2000,p99_tpot,0.05,0.2,0,68,134,0,0,202,0.0,33.66,100.0,66.34
l4,decode,2000,p99_tpot,0.05,0.1,0,94,108,0,0,202,0.0,46.53,100.0,53.47
l4,decode,2000,p99_tpot,0.02,1.0,0,30,172,0,0,202,0.0,14.85,100.0,85.15
l4,decode,2000,p99_tpot,0.02,0.9,0,32,170,0,0,202,0.0,15.84,100.0,84.16
l4,decode,2000,p99_tpot,0.02,0.8,0,33,169,0,0,202,0.0,16.34,100.0,83.66
l4,decode,2000,p99_tpot,0.02,0.7,0,33,169,0,0,202,0.0,16.34,100.0,83.66
l4,decode,2000,p99_tpot,0.02,0.6,0,35,167,0,0,202,0.0,17.33,100.0,82.67
l4,decode,2000,p99_tpot,0.02,0.5,0,40,162,0,0,202,0.0,19.8,100.0,80.2
l4,decode,2000,p99_tpot,0.02,0.4,0,47,155,0,0,202,0.0,23.27,100.0,76.73
l4,decode,2000,p99_tpot,0.02,0.3,0,53,149,0,0,202,0.0,26.24,100.0,73.76
l4,decode,2000,p99_tpot,0.02,0.2,0,68,134,0,0,202,0.0,33.66,100.0,66.34
l4,decode,2000,p99_tpot,0.02,0.1,0,94,108,0,0,202,0.0,46.53,100.0,53.47
l4,decode,2000,p99_tpot,0.01,1.0,0,30,172,0,0,202,0.0,14.85,100.0,85.15
l4,decode,2000,p99_tpot,0.01,0.9,0,32,170,0,0,202,0.0,15.84,100.0,84.16
l4,decode,2000,p99_tpot,0.01,0.8,0,33,169,0,0,202,0.0,16.34,100.0,83.66
l4,decode,2000,p99_tpot,0.01,0.7,0,33,169,0,0,202,0.0,16.34,100.0,83.66
l4,decode,2000,p99_tpot,0.01,0.6,0,35,167,0,0,202,0.0,17.33,100.0,82.67
l4,decode,2000,p99_tpot,0.01,0.5,0,40,162,0,0,202,0.0,19.8,100.0,80.2
l4,decode,2000,p99_tpot,0.01,0.4,0,47,155,0,0,202,0.0,23.27,100.0,76.73
l4,decode,2000,p99_tpot,0.01,0.3,0,53,149,0,0,202,0.0,26.24,100.0,73.76
l4,decode,2000,p99_tpot,0.01,0.2,0,68,134,0,0,202,0.0,33.66,100.0,66.34
l4,decode,2000,p99_tpot,0.01,0.1,0,94,108,0,0,202,0.0,46.53,100.0,53.47
